"Book Title 1";John;Doe;2021;1234561278903;"Description of Book 1";"horror, fantasy"
"Book Title 2";Jane;Smith;2019;2380149567234;"Description of Book 2";"comedy, drama"
"Book Title 3";Alice;Johnson;2020;3784562390145;"Description of Book 3";"roman, adventure"
"Book Title 4";Michael;Brown;2018;4235016457896;"Description of Book 4";"documentary, mystery"
"Book Title 5";Emily;Jones;2022;0156792348567;"Description of Book 5";"novel, horror"
"Book Title 6";David;Garcia;2017;6234756908178;"Description of Book 6";"fantasy, comedy"
"Book Title 7";Jessica;Martinez;2023;7485671908239;"Description of Book 7";"drama, roman"
"Book Title 8";Daniel;Lee;2016;8945036789120;"Description of Book 8";"adventure, documentary"
"Book Title 9";Sarah;Taylor;2024;9012786934501;"Description of Book 9";"mystery, novel"
"Book Title 10";Kevin;Anderson;2015;0123784901562;"Description of Book 10";"horror, fantasy"
"Book Title 1";John;Doe;2021;0278334619025;"Description of Book 1";"horror, fantasy"
"Book Title 2";Jane;Smith;2019;1700945631284;"Description of Book 2";"comedy, drama"
"Book Title 3";Alice;Johnson;2020;2456911732485;"Description of Book 3";"roman, adventure"
"Book Title 4";Michael;Brown;2018;4906781230416;"Description of Book 4";"documentary, mystery"
"Book Title 5";Emily;Jones;2022;1906702485367;"Description of Book 5";"novel, horror"
"Book Title 6";David;Garcia;2017;1078923467801;"Description of Book 6";"fantasy, comedy"
"Book Title 7";Jessica;Martinez;2023;0402898735129;"Description of Book 7";"drama, roman"
"Book Title 8";Daniel;Lee;2016;2090617234590;"Description of Book 8";"adventure, documentary"
"Book Title 9";Sarah;Taylor;2024;4016357800121;"Description of Book 9";"mystery, novel"
"Book Title 10";Kevin;Anderson;2015;4928231017692;"Description of Book 10";"horror, fantasy"
"Book Title 1";John;Doe;2021;1415273456890;"Description of Book 1";"horror, fantasy"
"Book Title 2";Jane;Smith;2019;1284895012367;"Description of Book 2";"comedy, drama"
"Book Title 3";Alice;Johnson;2020;2827154590346;"Description of Book 3";"roman, adventure"
"Book Title 4";Michael;Brown;2018;1237894501456;"Description of Book 4";"documentary, mystery"
"Book Title 5";Emily;Jones;2022;5650125678593;"Description of Book 5";"novel, horror"
"Book Title 6";David;Garcia;2017;0767175678894;"Description of Book 6";"fantasy, comedy"
"Book Title 7";Jessica;Martinez;2023;1472309485678;"Description of Book 7";"drama, roman"
"Book Title 8";Daniel;Lee;2016;4813564978290;"Description of Book 8";"adventure, documentary"
"Book Title 9";Sarah;Taylor;2024;9110014856701;"Description of Book 9";"mystery, novel"
"Book Title 10";Kevin;Anderson;2015;5501012347842;"Description of Book 10";"horror, fantasy"
"Book Title 1";John;Doe;2021;4533906843107;"Description of Book 1";"horror, fantasy"
"Book Title 2";Jane;Smith;2019;9512173453468;"Description of Book 2";"comedy, drama"
"Book Title 3";Alice;Johnson;2020;8932213556704;"Description of Book 3";"roman, adventure"
"Book Title 4";Michael;Brown;2018;9156785432561;"Description of Book 4";"documentary, mystery"
"Book Title 5";Emily;Jones;2022;8202164701367;"Description of Book 5";"novel, horror"
"Book Title 6";David;Garcia;2017;2111103485912;"Description of Book 6";"fantasy, comedy"
"Book Title 7";Jessica;Martinez;2023;3260127345281;"Description of Book 7";"drama, roman"
"Book Title 8";Daniel;Lee;2016;9245200906397;"Description of Book 8";"adventure, documentary"
"Book Title 9";Sarah;Taylor;2024;8767708091852;"Description of Book 9";"mystery, novel"
"Book Title 10";Kevin;Anderson;2015;8767111111852;"Description of Book 10";"horror, fantasy"
"Book Title 0";John;Doe;2021;8715193732931;"Description of Book Title 0";"horror, fantasy"
"Book Title 1";John;Doe;2021;5625766714410;"Description of Book Title 1";"horror, fantasy"
"Book Title 2";John;Doe;2021;8755428336340;"Description of Book Title 2";"horror, fantasy"
"Book Title 3";John;Doe;2021;9118534763284;"Description of Book Title 3";"horror, fantasy"
"Book Title 4";John;Doe;2021;4866067793820;"Description of Book Title 4";"horror, fantasy"
"Book Title 5";John;Doe;2021;8403561370677;"Description of Book Title 5";"horror, fantasy"
"Book Title 6";John;Doe;2021;8697707449168;"Description of Book Title 6";"horror, fantasy"
"Book Title 7";John;Doe;2021;7353399892741;"Description of Book Title 7";"horror, fantasy"
"Book Title 8";John;Doe;2021;3069471159700;"Description of Book Title 8";"horror, fantasy"
"Book Title 9";John;Doe;2021;3718747532258;"Description of Book Title 9";"horror, fantasy"
"Book Title 10";John;Doe;2021;9774829637600;"Description of Book Title 10";"horror, fantasy"
"Book Title 11";John;Doe;2021;4906093010151;"Description of Book Title 11";"horror, fantasy"
"Book Title 12";John;Doe;2021;8676121732285;"Description of Book Title 12";"horror, fantasy"
"Book Title 13";John;Doe;2021;3925907686127;"Description of Book Title 13";"horror, fantasy"
"Book Title 14";John;Doe;2021;6973330724819;"Description of Book Title 14";"horror, fantasy"
"Book Title 15";John;Doe;2021;3616611967357;"Description of Book Title 15";"horror, fantasy"
"Book Title 16";John;Doe;2021;4776688634958;"Description of Book Title 16";"horror, fantasy"
"Book Title 17";John;Doe;2021;1625467199500;"Description of Book Title 17";"horror, fantasy"
"Book Title 18";John;Doe;2021;9995249794138;"Description of Book Title 18";"horror, fantasy"
"Book Title 19";John;Doe;2021;3220274547222;"Description of Book Title 19";"horror, fantasy"
"Book Title 20";John;Doe;2021;5457759009222;"Description of Book Title 20";"horror, fantasy"
"Book Title 21";John;Doe;2021;2827779939134;"Description of Book Title 21";"horror, fantasy"
"Book Title 22";John;Doe;2021;9151371078320;"Description of Book Title 22";"horror, fantasy"
"Book Title 23";John;Doe;2021;7697721794069;"Description of Book Title 23";"horror, fantasy"
"Book Title 24";John;Doe;2021;2155351674509;"Description of Book Title 24";"horror, fantasy"
"Book Title 25";John;Doe;2021;5090343176604;"Description of Book Title 25";"horror, fantasy"
"Book Title 26";John;Doe;2021;8843523347644;"Description of Book Title 26";"horror, fantasy"
"Book Title 27";John;Doe;2021;6944056933579;"Description of Book Title 27";"horror, fantasy"
"Book Title 28";John;Doe;2021;7914067311464;"Description of Book Title 28";"horror, fantasy"
"Book Title 29";John;Doe;2021;1701754423101;"Description of Book Title 29";"horror, fantasy"
"Book Title 30";John;Doe;2021;9466567262380;"Description of Book Title 30";"horror, fantasy"
"Book Title 31";John;Doe;2021;1744620228485;"Description of Book Title 31";"horror, fantasy"
"Book Title 32";John;Doe;2021;1632975649604;"Description of Book Title 32";"horror, fantasy"
"Book Title 33";John;Doe;2021;9844093922845;"Description of Book Title 33";"horror, fantasy"
"Book Title 34";John;Doe;2021;4365517643796;"Description of Book Title 34";"horror, fantasy"
"Book Title 35";John;Doe;2021;3490907603121;"Description of Book Title 35";"horror, fantasy"
"Book Title 36";John;Doe;2021;5821499765566;"Description of Book Title 36";"horror, fantasy"
"Book Title 37";John;Doe;2021;2070284697245;"Description of Book Title 37";"horror, fantasy"
"Book Title 38";John;Doe;2021;2521877894969;"Description of Book Title 38";"horror, fantasy"
"Book Title 39";John;Doe;2021;3833904224062;"Description of Book Title 39";"horror, fantasy"
"Book Title 40";John;Doe;2021;9918620029580;"Description of Book Title 40";"horror, fantasy"
"Book Title 41";John;Doe;2021;6662875830552;"Description of Book Title 41";"horror, fantasy"
"Book Title 42";John;Doe;2021;9923194481171;"Description of Book Title 42";"horror, fantasy"
"Book Title 43";John;Doe;2021;1528354986412;"Description of Book Title 43";"horror, fantasy"
"Book Title 44";John;Doe;2021;3791532517345;"Description of Book Title 44";"horror, fantasy"
"Book Title 45";John;Doe;2021;2340033249966;"Description of Book Title 45";"horror, fantasy"
"Book Title 46";John;Doe;2021;4413441741645;"Description of Book Title 46";"horror, fantasy"
"Book Title 47";John;Doe;2021;8259946143258;"Description of Book Title 47";"horror, fantasy"
"Book Title 48";John;Doe;2021;2131058659622;"Description of Book Title 48";"horror, fantasy"
"Book Title 49";John;Doe;2021;8408679958723;"Description of Book Title 49";"horror, fantasy"
"Book Title 50";John;Doe;2021;8441722814942;"Description of Book Title 50";"horror, fantasy"
"Book Title 51";John;Doe;2021;6334974229082;"Description of Book Title 51";"horror, fantasy"
"Book Title 52";John;Doe;2021;5665349423449;"Description of Book Title 52";"horror, fantasy"
"Book Title 53";John;Doe;2021;1056803872498;"Description of Book Title 53";"horror, fantasy"
"Book Title 54";John;Doe;2021;3819972300487;"Description of Book Title 54";"horror, fantasy"
"Book Title 55";John;Doe;2021;2395001097049;"Description of Book Title 55";"horror, fantasy"
"Book Title 56";John;Doe;2021;4052283239517;"Description of Book Title 56";"horror, fantasy"
"Book Title 57";John;Doe;2021;9599983071998;"Description of Book Title 57";"horror, fantasy"
"Book Title 58";John;Doe;2021;7913001273199;"Description of Book Title 58";"horror, fantasy"
"Book Title 59";John;Doe;2021;5260706510130;"Description of Book Title 59";"horror, fantasy"
"Book Title 60";John;Doe;2021;7354263178839;"Description of Book Title 60";"horror, fantasy"
"Book Title 61";John;Doe;2021;3635289468171;"Description of Book Title 61";"horror, fantasy"
"Book Title 62";John;Doe;2021;6806364834864;"Description of Book Title 62";"horror, fantasy"
"Book Title 63";John;Doe;2021;1955382482793;"Description of Book Title 63";"horror, fantasy"
"Book Title 64";John;Doe;2021;7829191797929;"Description of Book Title 64";"horror, fantasy"
"Book Title 65";John;Doe;2021;6599630854242;"Description of Book Title 65";"horror, fantasy"
"Book Title 66";John;Doe;2021;3141135306931;"Description of Book Title 66";"horror, fantasy"
"Book Title 67";John;Doe;2021;2092213780065;"Description of Book Title 67";"horror, fantasy"
"Book Title 68";John;Doe;2021;7962638359035;"Description of Book Title 68";"horror, fantasy"
"Book Title 69";John;Doe;2021;3348544588060;"Description of Book Title 69";"horror, fantasy"
"Book Title 70";John;Doe;2021;3959135742749;"Description of Book Title 70";"horror, fantasy"
"Book Title 71";John;Doe;2021;4739136784519;"Description of Book Title 71";"horror, fantasy"
"Book Title 72";John;Doe;2021;1391070388261;"Description of Book Title 72";"horror, fantasy"
"Book Title 73";John;Doe;2021;6682014253499;"Description of Book Title 73";"horror, fantasy"
"Book Title 74";John;Doe;2021;1690954063410;"Description of Book Title 74";"horror, fantasy"
"Book Title 75";John;Doe;2021;6451900842553;"Description of Book Title 75";"horror, fantasy"
"Book Title 76";John;Doe;2021;5073369932815;"Description of Book Title 76";"horror, fantasy"
"Book Title 77";John;Doe;2021;8941593712728;"Description of Book Title 77";"horror, fantasy"
"Book Title 78";John;Doe;2021;1090992681330;"Description of Book Title 78";"horror, fantasy"
"Book Title 79";John;Doe;2021;9948155386629;"Description of Book Title 79";"horror, fantasy"
"Book Title 80";John;Doe;2021;4522347472645;"Description of Book Title 80";"horror, fantasy"
"Book Title 81";John;Doe;2021;3658009144293;"Description of Book Title 81";"horror, fantasy"
"Book Title 82";John;Doe;2021;9814669166828;"Description of Book Title 82";"horror, fantasy"
"Book Title 83";John;Doe;2021;6813545615938;"Description of Book Title 83";"horror, fantasy"
"Book Title 84";John;Doe;2021;1048062572048;"Description of Book Title 84";"horror, fantasy"
"Book Title 85";John;Doe;2021;4386865202730;"Description of Book Title 85";"horror, fantasy"
"Book Title 86";John;Doe;2021;5837337159658;"Description of Book Title 86";"horror, fantasy"
"Book Title 87";John;Doe;2021;1100492735146;"Description of Book Title 87";"horror, fantasy"
"Book Title 88";John;Doe;2021;5497924103936;"Description of Book Title 88";"horror, fantasy"
"Book Title 89";John;Doe;2021;3896702176853;"Description of Book Title 89";"horror, fantasy"
"Book Title 90";John;Doe;2021;4987448224662;"Description of Book Title 90";"horror, fantasy"
"Book Title 91";John;Doe;2021;3921947042260;"Description of Book Title 91";"horror, fantasy"
"Book Title 92";John;Doe;2021;8528893496121;"Description of Book Title 92";"horror, fantasy"
"Book Title 93";John;Doe;2021;8113261505664;"Description of Book Title 93";"horror, fantasy"
"Book Title 94";John;Doe;2021;9218240814833;"Description of Book Title 94";"horror, fantasy"
"Book Title 95";John;Doe;2021;9543267385787;"Description of Book Title 95";"horror, fantasy"
"Book Title 96";John;Doe;2021;8610168959442;"Description of Book Title 96";"horror, fantasy"
"Book Title 97";John;Doe;2021;7808136387073;"Description of Book Title 97";"horror, fantasy"
"Book Title 98";John;Doe;2021;2257082875300;"Description of Book Title 98";"horror, fantasy"
"Book Title 99";John;Doe;2021;7128737088464;"Description of Book Title 99";"horror, fantasy"
"Book Title 100";John;Doe;2021;8771083436480;"Description of Book Title 100";"horror, fantasy"
"Book Title 101";John;Doe;2021;5506544160422;"Description of Book Title 101";"horror, fantasy"
"Book Title 102";John;Doe;2021;8005372796939;"Description of Book Title 102";"horror, fantasy"
"Book Title 103";John;Doe;2021;9101698560601;"Description of Book Title 103";"horror, fantasy"
"Book Title 104";John;Doe;2021;3961802853413;"Description of Book Title 104";"horror, fantasy"
"Book Title 105";John;Doe;2021;2509961702820;"Description of Book Title 105";"horror, fantasy"
"Book Title 106";John;Doe;2021;8493751589416;"Description of Book Title 106";"horror, fantasy"
"Book Title 107";John;Doe;2021;5952574815745;"Description of Book Title 107";"horror, fantasy"
"Book Title 108";John;Doe;2021;5422565999627;"Description of Book Title 108";"horror, fantasy"
"Book Title 109";John;Doe;2021;8409981939167;"Description of Book Title 109";"horror, fantasy"
"Book Title 110";John;Doe;2021;4076568968731;"Description of Book Title 110";"horror, fantasy"
"Book Title 111";John;Doe;2021;3274936721710;"Description of Book Title 111";"horror, fantasy"
"Book Title 112";John;Doe;2021;3804232930847;"Description of Book Title 112";"horror, fantasy"
"Book Title 113";John;Doe;2021;3347788091513;"Description of Book Title 113";"horror, fantasy"
"Book Title 114";John;Doe;2021;5857812660513;"Description of Book Title 114";"horror, fantasy"
"Book Title 115";John;Doe;2021;9917680361743;"Description of Book Title 115";"horror, fantasy"
"Book Title 116";John;Doe;2021;2312262612582;"Description of Book Title 116";"horror, fantasy"
"Book Title 117";John;Doe;2021;8537822993201;"Description of Book Title 117";"horror, fantasy"
"Book Title 118";John;Doe;2021;2055947990896;"Description of Book Title 118";"horror, fantasy"
"Book Title 119";John;Doe;2021;5084537618863;"Description of Book Title 119";"horror, fantasy"
"Book Title 120";John;Doe;2021;6867744139550;"Description of Book Title 120";"horror, fantasy"
"Book Title 121";John;Doe;2021;6499827060954;"Description of Book Title 121";"horror, fantasy"
"Book Title 122";John;Doe;2021;3441951424350;"Description of Book Title 122";"horror, fantasy"
"Book Title 123";John;Doe;2021;6740315599869;"Description of Book Title 123";"horror, fantasy"
"Book Title 124";John;Doe;2021;2462255877949;"Description of Book Title 124";"horror, fantasy"
"Book Title 125";John;Doe;2021;5687114202966;"Description of Book Title 125";"horror, fantasy"
"Book Title 126";John;Doe;2021;1927677461895;"Description of Book Title 126";"horror, fantasy"
"Book Title 127";John;Doe;2021;8082561167193;"Description of Book Title 127";"horror, fantasy"
"Book Title 128";John;Doe;2021;9939365458507;"Description of Book Title 128";"horror, fantasy"
"Book Title 129";John;Doe;2021;8424090112197;"Description of Book Title 129";"horror, fantasy"
"Book Title 130";John;Doe;2021;1741789924816;"Description of Book Title 130";"horror, fantasy"
"Book Title 131";John;Doe;2021;9519755904202;"Description of Book Title 131";"horror, fantasy"
"Book Title 132";John;Doe;2021;3425549624651;"Description of Book Title 132";"horror, fantasy"
"Book Title 133";John;Doe;2021;7098052628850;"Description of Book Title 133";"horror, fantasy"
"Book Title 134";John;Doe;2021;6274247060500;"Description of Book Title 134";"horror, fantasy"
"Book Title 135";John;Doe;2021;8385087339142;"Description of Book Title 135";"horror, fantasy"
"Book Title 136";John;Doe;2021;2253570198618;"Description of Book Title 136";"horror, fantasy"
"Book Title 137";John;Doe;2021;4844112452743;"Description of Book Title 137";"horror, fantasy"
"Book Title 138";John;Doe;2021;1206686889960;"Description of Book Title 138";"horror, fantasy"
"Book Title 139";John;Doe;2021;8966475004916;"Description of Book Title 139";"horror, fantasy"
"Book Title 140";John;Doe;2021;7044176492502;"Description of Book Title 140";"horror, fantasy"
"Book Title 141";John;Doe;2021;7374565647227;"Description of Book Title 141";"horror, fantasy"
"Book Title 142";John;Doe;2021;4231772829842;"Description of Book Title 142";"horror, fantasy"
"Book Title 143";John;Doe;2021;5377643708009;"Description of Book Title 143";"horror, fantasy"
"Book Title 144";John;Doe;2021;9746597496018;"Description of Book Title 144";"horror, fantasy"
"Book Title 145";John;Doe;2021;5437779163885;"Description of Book Title 145";"horror, fantasy"
"Book Title 146";John;Doe;2021;2323893247220;"Description of Book Title 146";"horror, fantasy"
"Book Title 147";John;Doe;2021;3901051288810;"Description of Book Title 147";"horror, fantasy"
"Book Title 148";John;Doe;2021;2359185712311;"Description of Book Title 148";"horror, fantasy"
"Book Title 149";John;Doe;2021;5998289845456;"Description of Book Title 149";"horror, fantasy"
"Book Title 150";John;Doe;2021;5793899376075;"Description of Book Title 150";"horror, fantasy"
"Book Title 151";John;Doe;2021;6902940068935;"Description of Book Title 151";"horror, fantasy"
"Book Title 152";John;Doe;2021;9056594742728;"Description of Book Title 152";"horror, fantasy"
"Book Title 153";John;Doe;2021;8722400803554;"Description of Book Title 153";"horror, fantasy"
"Book Title 154";John;Doe;2021;2166899200534;"Description of Book Title 154";"horror, fantasy"
"Book Title 155";John;Doe;2021;9438152250052;"Description of Book Title 155";"horror, fantasy"
"Book Title 156";John;Doe;2021;3209005137418;"Description of Book Title 156";"horror, fantasy"
"Book Title 157";John;Doe;2021;6693088508213;"Description of Book Title 157";"horror, fantasy"
"Book Title 158";John;Doe;2021;7624881121204;"Description of Book Title 158";"horror, fantasy"
"Book Title 159";John;Doe;2021;5756460112461;"Description of Book Title 159";"horror, fantasy"
"Book Title 160";John;Doe;2021;7514174353300;"Description of Book Title 160";"horror, fantasy"
"Book Title 161";John;Doe;2021;9589624356598;"Description of Book Title 161";"horror, fantasy"
"Book Title 162";John;Doe;2021;1011370478608;"Description of Book Title 162";"horror, fantasy"
"Book Title 163";John;Doe;2021;9274446328563;"Description of Book Title 163";"horror, fantasy"
"Book Title 164";John;Doe;2021;9379059106964;"Description of Book Title 164";"horror, fantasy"
"Book Title 165";John;Doe;2021;7647270473225;"Description of Book Title 165";"horror, fantasy"
"Book Title 166";John;Doe;2021;3439095403213;"Description of Book Title 166";"horror, fantasy"
"Book Title 167";John;Doe;2021;3778166651514;"Description of Book Title 167";"horror, fantasy"
"Book Title 168";John;Doe;2021;5469059612993;"Description of Book Title 168";"horror, fantasy"
"Book Title 169";John;Doe;2021;8578615395958;"Description of Book Title 169";"horror, fantasy"
"Book Title 170";John;Doe;2021;4568176743183;"Description of Book Title 170";"horror, fantasy"
"Book Title 171";John;Doe;2021;7750767383379;"Description of Book Title 171";"horror, fantasy"
"Book Title 172";John;Doe;2021;6255021197491;"Description of Book Title 172";"horror, fantasy"
"Book Title 173";John;Doe;2021;6647834043871;"Description of Book Title 173";"horror, fantasy"
"Book Title 174";John;Doe;2021;2275884498046;"Description of Book Title 174";"horror, fantasy"
"Book Title 175";John;Doe;2021;7116386207612;"Description of Book Title 175";"horror, fantasy"
"Book Title 176";John;Doe;2021;4385778289160;"Description of Book Title 176";"horror, fantasy"
"Book Title 177";John;Doe;2021;8786750170679;"Description of Book Title 177";"horror, fantasy"
"Book Title 178";John;Doe;2021;4955646955675;"Description of Book Title 178";"horror, fantasy"
"Book Title 179";John;Doe;2021;1784527088335;"Description of Book Title 179";"horror, fantasy"
"Book Title 180";John;Doe;2021;4557805962977;"Description of Book Title 180";"horror, fantasy"
"Book Title 181";John;Doe;2021;2088522354665;"Description of Book Title 181";"horror, fantasy"
"Book Title 182";John;Doe;2021;1373554467020;"Description of Book Title 182";"horror, fantasy"
"Book Title 183";John;Doe;2021;6347159446121;"Description of Book Title 183";"horror, fantasy"
"Book Title 184";John;Doe;2021;7316096250330;"Description of Book Title 184";"horror, fantasy"
"Book Title 185";John;Doe;2021;2532889757036;"Description of Book Title 185";"horror, fantasy"
"Book Title 186";John;Doe;2021;5228750361695;"Description of Book Title 186";"horror, fantasy"
"Book Title 187";John;Doe;2021;4432290064211;"Description of Book Title 187";"horror, fantasy"
"Book Title 188";John;Doe;2021;7047677608163;"Description of Book Title 188";"horror, fantasy"
"Book Title 189";John;Doe;2021;2766743269609;"Description of Book Title 189";"horror, fantasy"
"Book Title 190";John;Doe;2021;6730733361244;"Description of Book Title 190";"horror, fantasy"
"Book Title 191";John;Doe;2021;6078742360174;"Description of Book Title 191";"horror, fantasy"
"Book Title 192";John;Doe;2021;6393012825669;"Description of Book Title 192";"horror, fantasy"
"Book Title 193";John;Doe;2021;5339701514794;"Description of Book Title 193";"horror, fantasy"
"Book Title 194";John;Doe;2021;3145950416749;"Description of Book Title 194";"horror, fantasy"
"Book Title 195";John;Doe;2021;9617997809983;"Description of Book Title 195";"horror, fantasy"
"Book Title 196";John;Doe;2021;6676404683840;"Description of Book Title 196";"horror, fantasy"
"Book Title 197";John;Doe;2021;6701115578821;"Description of Book Title 197";"horror, fantasy"
"Book Title 198";John;Doe;2021;3326739387478;"Description of Book Title 198";"horror, fantasy"
"Book Title 199";John;Doe;2021;6173735097917;"Description of Book Title 199";"horror, fantasy"
"Book Title 200";John;Doe;2021;3006528098646;"Description of Book Title 200";"horror, fantasy"
"Book Title 201";John;Doe;2021;3252729511701;"Description of Book Title 201";"horror, fantasy"
"Book Title 202";John;Doe;2021;2081029810560;"Description of Book Title 202";"horror, fantasy"
"Book Title 203";John;Doe;2021;2743993554292;"Description of Book Title 203";"horror, fantasy"
"Book Title 204";John;Doe;2021;8146766207253;"Description of Book Title 204";"horror, fantasy"
"Book Title 205";John;Doe;2021;1538767344950;"Description of Book Title 205";"horror, fantasy"
"Book Title 206";John;Doe;2021;5193940000533;"Description of Book Title 206";"horror, fantasy"
"Book Title 207";John;Doe;2021;9332145496217;"Description of Book Title 207";"horror, fantasy"
"Book Title 208";John;Doe;2021;6344486451059;"Description of Book Title 208";"horror, fantasy"
"Book Title 209";John;Doe;2021;1036441297623;"Description of Book Title 209";"horror, fantasy"
"Book Title 210";John;Doe;2021;9030423490036;"Description of Book Title 210";"horror, fantasy"
"Book Title 211";John;Doe;2021;1287464774208;"Description of Book Title 211";"horror, fantasy"
"Book Title 212";John;Doe;2021;8689810257561;"Description of Book Title 212";"horror, fantasy"
"Book Title 213";John;Doe;2021;6393808143262;"Description of Book Title 213";"horror, fantasy"
"Book Title 214";John;Doe;2021;7402688358200;"Description of Book Title 214";"horror, fantasy"
"Book Title 215";John;Doe;2021;1270900283697;"Description of Book Title 215";"horror, fantasy"
"Book Title 216";John;Doe;2021;4709530197156;"Description of Book Title 216";"horror, fantasy"
"Book Title 217";John;Doe;2021;9400061636912;"Description of Book Title 217";"horror, fantasy"
"Book Title 218";John;Doe;2021;2270858986664;"Description of Book Title 218";"horror, fantasy"
"Book Title 219";John;Doe;2021;5134302712289;"Description of Book Title 219";"horror, fantasy"
"Book Title 220";John;Doe;2021;7756405874551;"Description of Book Title 220";"horror, fantasy"
"Book Title 221";John;Doe;2021;9202814717766;"Description of Book Title 221";"horror, fantasy"
"Book Title 222";John;Doe;2021;5639472420815;"Description of Book Title 222";"horror, fantasy"
"Book Title 223";John;Doe;2021;2490930389253;"Description of Book Title 223";"horror, fantasy"
"Book Title 224";John;Doe;2021;9699205351814;"Description of Book Title 224";"horror, fantasy"
"Book Title 225";John;Doe;2021;5755339658232;"Description of Book Title 225";"horror, fantasy"
"Book Title 226";John;Doe;2021;5889335811831;"Description of Book Title 226";"horror, fantasy"
"Book Title 227";John;Doe;2021;5592698457775;"Description of Book Title 227";"horror, fantasy"
"Book Title 228";John;Doe;2021;3755360821330;"Description of Book Title 228";"horror, fantasy"
"Book Title 229";John;Doe;2021;2058464750136;"Description of Book Title 229";"horror, fantasy"
"Book Title 230";John;Doe;2021;6713881982643;"Description of Book Title 230";"horror, fantasy"
"Book Title 231";John;Doe;2021;2506686159381;"Description of Book Title 231";"horror, fantasy"
"Book Title 232";John;Doe;2021;8976479391808;"Description of Book Title 232";"horror, fantasy"
"Book Title 233";John;Doe;2021;5942500272265;"Description of Book Title 233";"horror, fantasy"
"Book Title 234";John;Doe;2021;6525773725980;"Description of Book Title 234";"horror, fantasy"
"Book Title 235";John;Doe;2021;2225772905315;"Description of Book Title 235";"horror, fantasy"
"Book Title 236";John;Doe;2021;2694784311133;"Description of Book Title 236";"horror, fantasy"
"Book Title 237";John;Doe;2021;8254759226423;"Description of Book Title 237";"horror, fantasy"
"Book Title 238";John;Doe;2021;6762629303193;"Description of Book Title 238";"horror, fantasy"
"Book Title 239";John;Doe;2021;7585879581592;"Description of Book Title 239";"horror, fantasy"
"Book Title 240";John;Doe;2021;1150611217557;"Description of Book Title 240";"horror, fantasy"
"Book Title 241";John;Doe;2021;9025670320527;"Description of Book Title 241";"horror, fantasy"
"Book Title 242";John;Doe;2021;6498634915538;"Description of Book Title 242";"horror, fantasy"
"Book Title 243";John;Doe;2021;4809246007571;"Description of Book Title 243";"horror, fantasy"
"Book Title 244";John;Doe;2021;7639523976981;"Description of Book Title 244";"horror, fantasy"
"Book Title 245";John;Doe;2021;2448962633503;"Description of Book Title 245";"horror, fantasy"
"Book Title 246";John;Doe;2021;7370413534212;"Description of Book Title 246";"horror, fantasy"
"Book Title 247";John;Doe;2021;2527295631336;"Description of Book Title 247";"horror, fantasy"
"Book Title 248";John;Doe;2021;5259169002562;"Description of Book Title 248";"horror, fantasy"
"Book Title 249";John;Doe;2021;4589111112217;"Description of Book Title 249";"horror, fantasy"
"Book Title 250";John;Doe;2021;2236482565859;"Description of Book Title 250";"horror, fantasy"
"Book Title 251";John;Doe;2021;1577120531679;"Description of Book Title 251";"horror, fantasy"
"Book Title 252";John;Doe;2021;9343248344268;"Description of Book Title 252";"horror, fantasy"
"Book Title 253";John;Doe;2021;3086012548131;"Description of Book Title 253";"horror, fantasy"
"Book Title 254";John;Doe;2021;1336523289715;"Description of Book Title 254";"horror, fantasy"
"Book Title 255";John;Doe;2021;4266062394130;"Description of Book Title 255";"horror, fantasy"
"Book Title 256";John;Doe;2021;1733468896278;"Description of Book Title 256";"horror, fantasy"
"Book Title 257";John;Doe;2021;1329959977225;"Description of Book Title 257";"horror, fantasy"
"Book Title 258";John;Doe;2021;3764308043907;"Description of Book Title 258";"horror, fantasy"
"Book Title 259";John;Doe;2021;1378511069279;"Description of Book Title 259";"horror, fantasy"
"Book Title 260";John;Doe;2021;5563681622594;"Description of Book Title 260";"horror, fantasy"
"Book Title 261";John;Doe;2021;1888260683410;"Description of Book Title 261";"horror, fantasy"
"Book Title 262";John;Doe;2021;5686867021218;"Description of Book Title 262";"horror, fantasy"
"Book Title 263";John;Doe;2021;8084717779123;"Description of Book Title 263";"horror, fantasy"
"Book Title 264";John;Doe;2021;9789614116296;"Description of Book Title 264";"horror, fantasy"
"Book Title 265";John;Doe;2021;1836550122246;"Description of Book Title 265";"horror, fantasy"
"Book Title 266";John;Doe;2021;6089776254380;"Description of Book Title 266";"horror, fantasy"
"Book Title 267";John;Doe;2021;3356851721638;"Description of Book Title 267";"horror, fantasy"
"Book Title 268";John;Doe;2021;8126145926712;"Description of Book Title 268";"horror, fantasy"
"Book Title 269";John;Doe;2021;9301964921770;"Description of Book Title 269";"horror, fantasy"
"Book Title 270";John;Doe;2021;8810747885191;"Description of Book Title 270";"horror, fantasy"
"Book Title 271";John;Doe;2021;8664255357721;"Description of Book Title 271";"horror, fantasy"
"Book Title 272";John;Doe;2021;8334644886724;"Description of Book Title 272";"horror, fantasy"
"Book Title 273";John;Doe;2021;4387863609315;"Description of Book Title 273";"horror, fantasy"
"Book Title 274";John;Doe;2021;9332300792210;"Description of Book Title 274";"horror, fantasy"
"Book Title 275";John;Doe;2021;1289511580743;"Description of Book Title 275";"horror, fantasy"
"Book Title 276";John;Doe;2021;7889171324141;"Description of Book Title 276";"horror, fantasy"
"Book Title 277";John;Doe;2021;1878320348837;"Description of Book Title 277";"horror, fantasy"
"Book Title 278";John;Doe;2021;2113232685205;"Description of Book Title 278";"horror, fantasy"
"Book Title 279";John;Doe;2021;3076440882201;"Description of Book Title 279";"horror, fantasy"
"Book Title 280";John;Doe;2021;5567957649438;"Description of Book Title 280";"horror, fantasy"
"Book Title 281";John;Doe;2021;5688131805423;"Description of Book Title 281";"horror, fantasy"
"Book Title 282";John;Doe;2021;6512225646416;"Description of Book Title 282";"horror, fantasy"
"Book Title 283";John;Doe;2021;5837464120560;"Description of Book Title 283";"horror, fantasy"
"Book Title 284";John;Doe;2021;6102039423930;"Description of Book Title 284";"horror, fantasy"
"Book Title 285";John;Doe;2021;2779035975653;"Description of Book Title 285";"horror, fantasy"
"Book Title 286";John;Doe;2021;6555956954495;"Description of Book Title 286";"horror, fantasy"
"Book Title 287";John;Doe;2021;1179149681761;"Description of Book Title 287";"horror, fantasy"
"Book Title 288";John;Doe;2021;9967800603374;"Description of Book Title 288";"horror, fantasy"
"Book Title 289";John;Doe;2021;1605653631021;"Description of Book Title 289";"horror, fantasy"
"Book Title 290";John;Doe;2021;2134918432004;"Description of Book Title 290";"horror, fantasy"
"Book Title 291";John;Doe;2021;3418581442343;"Description of Book Title 291";"horror, fantasy"
"Book Title 292";John;Doe;2021;7244238517352;"Description of Book Title 292";"horror, fantasy"
"Book Title 293";John;Doe;2021;8618413075482;"Description of Book Title 293";"horror, fantasy"
"Book Title 294";John;Doe;2021;2913131268909;"Description of Book Title 294";"horror, fantasy"
"Book Title 295";John;Doe;2021;8965426690802;"Description of Book Title 295";"horror, fantasy"
"Book Title 296";John;Doe;2021;6813189567033;"Description of Book Title 296";"horror, fantasy"
"Book Title 297";John;Doe;2021;5332487558965;"Description of Book Title 297";"horror, fantasy"
"Book Title 298";John;Doe;2021;4934602790454;"Description of Book Title 298";"horror, fantasy"
"Book Title 299";John;Doe;2021;1953574895064;"Description of Book Title 299";"horror, fantasy"
"Book Title 300";John;Doe;2021;8056548228722;"Description of Book Title 300";"horror, fantasy"
"Book Title 301";John;Doe;2021;3365052792243;"Description of Book Title 301";"horror, fantasy"
"Book Title 302";John;Doe;2021;3911311901235;"Description of Book Title 302";"horror, fantasy"
"Book Title 303";John;Doe;2021;4350475564687;"Description of Book Title 303";"horror, fantasy"
"Book Title 304";John;Doe;2021;8385269029090;"Description of Book Title 304";"horror, fantasy"
"Book Title 305";John;Doe;2021;3436308592318;"Description of Book Title 305";"horror, fantasy"
"Book Title 306";John;Doe;2021;1289094812115;"Description of Book Title 306";"horror, fantasy"
"Book Title 307";John;Doe;2021;4089559149448;"Description of Book Title 307";"horror, fantasy"
"Book Title 308";John;Doe;2021;5800388218866;"Description of Book Title 308";"horror, fantasy"
"Book Title 309";John;Doe;2021;9264257786075;"Description of Book Title 309";"horror, fantasy"
"Book Title 310";John;Doe;2021;8598227391292;"Description of Book Title 310";"horror, fantasy"
"Book Title 311";John;Doe;2021;7959189016991;"Description of Book Title 311";"horror, fantasy"
"Book Title 312";John;Doe;2021;8102464163681;"Description of Book Title 312";"horror, fantasy"
"Book Title 313";John;Doe;2021;8027476582736;"Description of Book Title 313";"horror, fantasy"
"Book Title 314";John;Doe;2021;6688974653908;"Description of Book Title 314";"horror, fantasy"
"Book Title 315";John;Doe;2021;2323130197192;"Description of Book Title 315";"horror, fantasy"
"Book Title 316";John;Doe;2021;6856979603723;"Description of Book Title 316";"horror, fantasy"
"Book Title 317";John;Doe;2021;4685900584596;"Description of Book Title 317";"horror, fantasy"
"Book Title 318";John;Doe;2021;7087571126978;"Description of Book Title 318";"horror, fantasy"
"Book Title 319";John;Doe;2021;3017170791221;"Description of Book Title 319";"horror, fantasy"
"Book Title 320";John;Doe;2021;1548341031617;"Description of Book Title 320";"horror, fantasy"
"Book Title 321";John;Doe;2021;7296255907266;"Description of Book Title 321";"horror, fantasy"
"Book Title 322";John;Doe;2021;8351761867567;"Description of Book Title 322";"horror, fantasy"
"Book Title 323";John;Doe;2021;8443233212791;"Description of Book Title 323";"horror, fantasy"
"Book Title 324";John;Doe;2021;3658271696050;"Description of Book Title 324";"horror, fantasy"
"Book Title 325";John;Doe;2021;7897255439881;"Description of Book Title 325";"horror, fantasy"
"Book Title 326";John;Doe;2021;3329128695343;"Description of Book Title 326";"horror, fantasy"
"Book Title 327";John;Doe;2021;6405817940401;"Description of Book Title 327";"horror, fantasy"
"Book Title 328";John;Doe;2021;3286648835152;"Description of Book Title 328";"horror, fantasy"
"Book Title 329";John;Doe;2021;7694732886591;"Description of Book Title 329";"horror, fantasy"
"Book Title 330";John;Doe;2021;9097293928322;"Description of Book Title 330";"horror, fantasy"
"Book Title 331";John;Doe;2021;2677881538740;"Description of Book Title 331";"horror, fantasy"
"Book Title 332";John;Doe;2021;8793909777007;"Description of Book Title 332";"horror, fantasy"
"Book Title 333";John;Doe;2021;2305856113702;"Description of Book Title 333";"horror, fantasy"
"Book Title 334";John;Doe;2021;6564076332083;"Description of Book Title 334";"horror, fantasy"
"Book Title 335";John;Doe;2021;5516332922889;"Description of Book Title 335";"horror, fantasy"
"Book Title 336";John;Doe;2021;3666656523666;"Description of Book Title 336";"horror, fantasy"
"Book Title 337";John;Doe;2021;1686334307419;"Description of Book Title 337";"horror, fantasy"
"Book Title 338";John;Doe;2021;3306386061190;"Description of Book Title 338";"horror, fantasy"
"Book Title 339";John;Doe;2021;7271228484499;"Description of Book Title 339";"horror, fantasy"
"Book Title 340";John;Doe;2021;2162448412700;"Description of Book Title 340";"horror, fantasy"
"Book Title 341";John;Doe;2021;5062089215215;"Description of Book Title 341";"horror, fantasy"
"Book Title 342";John;Doe;2021;7282651583910;"Description of Book Title 342";"horror, fantasy"
"Book Title 343";John;Doe;2021;4995076713448;"Description of Book Title 343";"horror, fantasy"
"Book Title 344";John;Doe;2021;7990747193672;"Description of Book Title 344";"horror, fantasy"
"Book Title 345";John;Doe;2021;8218995678154;"Description of Book Title 345";"horror, fantasy"
"Book Title 346";John;Doe;2021;6304000501977;"Description of Book Title 346";"horror, fantasy"
"Book Title 347";John;Doe;2021;3474635843705;"Description of Book Title 347";"horror, fantasy"
"Book Title 348";John;Doe;2021;3460227021189;"Description of Book Title 348";"horror, fantasy"
"Book Title 349";John;Doe;2021;6531079058883;"Description of Book Title 349";"horror, fantasy"
"Book Title 350";John;Doe;2021;1010339857465;"Description of Book Title 350";"horror, fantasy"
"Book Title 351";John;Doe;2021;9727535082873;"Description of Book Title 351";"horror, fantasy"
"Book Title 352";John;Doe;2021;5320417319464;"Description of Book Title 352";"horror, fantasy"
"Book Title 353";John;Doe;2021;8642949850248;"Description of Book Title 353";"horror, fantasy"
"Book Title 354";John;Doe;2021;6386674717816;"Description of Book Title 354";"horror, fantasy"
"Book Title 355";John;Doe;2021;2899598032015;"Description of Book Title 355";"horror, fantasy"
"Book Title 356";John;Doe;2021;7647783343826;"Description of Book Title 356";"horror, fantasy"
"Book Title 357";John;Doe;2021;9800710498644;"Description of Book Title 357";"horror, fantasy"
"Book Title 358";John;Doe;2021;6410858710865;"Description of Book Title 358";"horror, fantasy"
"Book Title 359";John;Doe;2021;6763167246430;"Description of Book Title 359";"horror, fantasy"
"Book Title 360";John;Doe;2021;9661439431222;"Description of Book Title 360";"horror, fantasy"
"Book Title 361";John;Doe;2021;5996493286063;"Description of Book Title 361";"horror, fantasy"
"Book Title 362";John;Doe;2021;7210239981788;"Description of Book Title 362";"horror, fantasy"
"Book Title 363";John;Doe;2021;9246011551231;"Description of Book Title 363";"horror, fantasy"
"Book Title 364";John;Doe;2021;7332783229186;"Description of Book Title 364";"horror, fantasy"
"Book Title 365";John;Doe;2021;1596553912981;"Description of Book Title 365";"horror, fantasy"
"Book Title 366";John;Doe;2021;5837424559536;"Description of Book Title 366";"horror, fantasy"
"Book Title 367";John;Doe;2021;1992689240743;"Description of Book Title 367";"horror, fantasy"
"Book Title 368";John;Doe;2021;1996680472787;"Description of Book Title 368";"horror, fantasy"
"Book Title 369";John;Doe;2021;2556969296023;"Description of Book Title 369";"horror, fantasy"
"Book Title 370";John;Doe;2021;1959385618372;"Description of Book Title 370";"horror, fantasy"
"Book Title 371";John;Doe;2021;7537464163691;"Description of Book Title 371";"horror, fantasy"
"Book Title 372";John;Doe;2021;6244141521507;"Description of Book Title 372";"horror, fantasy"
"Book Title 373";John;Doe;2021;2170051826055;"Description of Book Title 373";"horror, fantasy"
"Book Title 374";John;Doe;2021;8610781452289;"Description of Book Title 374";"horror, fantasy"
"Book Title 375";John;Doe;2021;2774382237501;"Description of Book Title 375";"horror, fantasy"
"Book Title 376";John;Doe;2021;4335715793432;"Description of Book Title 376";"horror, fantasy"
"Book Title 377";John;Doe;2021;8993562904608;"Description of Book Title 377";"horror, fantasy"
"Book Title 378";John;Doe;2021;7379627345982;"Description of Book Title 378";"horror, fantasy"
"Book Title 379";John;Doe;2021;2280147917694;"Description of Book Title 379";"horror, fantasy"
"Book Title 380";John;Doe;2021;4125219666629;"Description of Book Title 380";"horror, fantasy"
"Book Title 381";John;Doe;2021;7643798859776;"Description of Book Title 381";"horror, fantasy"
"Book Title 382";John;Doe;2021;6709568377447;"Description of Book Title 382";"horror, fantasy"
"Book Title 383";John;Doe;2021;9978046749540;"Description of Book Title 383";"horror, fantasy"
"Book Title 384";John;Doe;2021;3808478417799;"Description of Book Title 384";"horror, fantasy"
"Book Title 385";John;Doe;2021;4109435857277;"Description of Book Title 385";"horror, fantasy"
"Book Title 386";John;Doe;2021;2956133855659;"Description of Book Title 386";"horror, fantasy"
"Book Title 387";John;Doe;2021;4231304317449;"Description of Book Title 387";"horror, fantasy"
"Book Title 388";John;Doe;2021;9177798718005;"Description of Book Title 388";"horror, fantasy"
"Book Title 389";John;Doe;2021;5700074663716;"Description of Book Title 389";"horror, fantasy"
"Book Title 390";John;Doe;2021;4841866190255;"Description of Book Title 390";"horror, fantasy"
"Book Title 391";John;Doe;2021;2948912103054;"Description of Book Title 391";"horror, fantasy"
"Book Title 392";John;Doe;2021;2653170406046;"Description of Book Title 392";"horror, fantasy"
"Book Title 393";John;Doe;2021;4891591128732;"Description of Book Title 393";"horror, fantasy"
"Book Title 394";John;Doe;2021;2598614218614;"Description of Book Title 394";"horror, fantasy"
"Book Title 395";John;Doe;2021;8962256805955;"Description of Book Title 395";"horror, fantasy"
"Book Title 396";John;Doe;2021;2730783698898;"Description of Book Title 396";"horror, fantasy"
"Book Title 397";John;Doe;2021;8076015537859;"Description of Book Title 397";"horror, fantasy"
"Book Title 398";John;Doe;2021;9668813526576;"Description of Book Title 398";"horror, fantasy"
"Book Title 399";John;Doe;2021;8429366898589;"Description of Book Title 399";"horror, fantasy"
"Book Title 400";John;Doe;2021;8778964566208;"Description of Book Title 400";"horror, fantasy"
"Book Title 401";John;Doe;2021;8792480842037;"Description of Book Title 401";"horror, fantasy"
"Book Title 402";John;Doe;2021;5670083437387;"Description of Book Title 402";"horror, fantasy"
"Book Title 403";John;Doe;2021;2786526717658;"Description of Book Title 403";"horror, fantasy"
"Book Title 404";John;Doe;2021;9211459981197;"Description of Book Title 404";"horror, fantasy"
"Book Title 405";John;Doe;2021;5935628227656;"Description of Book Title 405";"horror, fantasy"
"Book Title 406";John;Doe;2021;5936227680916;"Description of Book Title 406";"horror, fantasy"
"Book Title 407";John;Doe;2021;8930574083865;"Description of Book Title 407";"horror, fantasy"
"Book Title 408";John;Doe;2021;5419350053511;"Description of Book Title 408";"horror, fantasy"
"Book Title 409";John;Doe;2021;6094229599314;"Description of Book Title 409";"horror, fantasy"
"Book Title 410";John;Doe;2021;4192506309177;"Description of Book Title 410";"horror, fantasy"
"Book Title 411";John;Doe;2021;4820171955125;"Description of Book Title 411";"horror, fantasy"
"Book Title 412";John;Doe;2021;3461219123744;"Description of Book Title 412";"horror, fantasy"
"Book Title 413";John;Doe;2021;8313034432112;"Description of Book Title 413";"horror, fantasy"
"Book Title 414";John;Doe;2021;5047032015653;"Description of Book Title 414";"horror, fantasy"
"Book Title 415";John;Doe;2021;8173999460969;"Description of Book Title 415";"horror, fantasy"
"Book Title 416";John;Doe;2021;6491405247062;"Description of Book Title 416";"horror, fantasy"
"Book Title 417";John;Doe;2021;9562370440661;"Description of Book Title 417";"horror, fantasy"
"Book Title 418";John;Doe;2021;2498487377717;"Description of Book Title 418";"horror, fantasy"
"Book Title 419";John;Doe;2021;9556446421354;"Description of Book Title 419";"horror, fantasy"
"Book Title 420";John;Doe;2021;9622995896510;"Description of Book Title 420";"horror, fantasy"
"Book Title 421";John;Doe;2021;2779234524493;"Description of Book Title 421";"horror, fantasy"
"Book Title 422";John;Doe;2021;8159327018855;"Description of Book Title 422";"horror, fantasy"
"Book Title 423";John;Doe;2021;7158851732186;"Description of Book Title 423";"horror, fantasy"
"Book Title 424";John;Doe;2021;8052189740473;"Description of Book Title 424";"horror, fantasy"
"Book Title 425";John;Doe;2021;8886745191191;"Description of Book Title 425";"horror, fantasy"
"Book Title 426";John;Doe;2021;2965017683273;"Description of Book Title 426";"horror, fantasy"
"Book Title 427";John;Doe;2021;4034594246988;"Description of Book Title 427";"horror, fantasy"
"Book Title 428";John;Doe;2021;3241697474884;"Description of Book Title 428";"horror, fantasy"
"Book Title 429";John;Doe;2021;9978724335393;"Description of Book Title 429";"horror, fantasy"
"Book Title 430";John;Doe;2021;4662711198640;"Description of Book Title 430";"horror, fantasy"
"Book Title 431";John;Doe;2021;3754765256575;"Description of Book Title 431";"horror, fantasy"
"Book Title 432";John;Doe;2021;2340697318291;"Description of Book Title 432";"horror, fantasy"
"Book Title 433";John;Doe;2021;4833027958675;"Description of Book Title 433";"horror, fantasy"
"Book Title 434";John;Doe;2021;3950143491492;"Description of Book Title 434";"horror, fantasy"
"Book Title 435";John;Doe;2021;9590521553565;"Description of Book Title 435";"horror, fantasy"
"Book Title 436";John;Doe;2021;9357438773730;"Description of Book Title 436";"horror, fantasy"
"Book Title 437";John;Doe;2021;2493146352490;"Description of Book Title 437";"horror, fantasy"
"Book Title 438";John;Doe;2021;4081479817529;"Description of Book Title 438";"horror, fantasy"
"Book Title 439";John;Doe;2021;8799331436640;"Description of Book Title 439";"horror, fantasy"
"Book Title 440";John;Doe;2021;8116704978959;"Description of Book Title 440";"horror, fantasy"
"Book Title 441";John;Doe;2021;8372335599407;"Description of Book Title 441";"horror, fantasy"
"Book Title 442";John;Doe;2021;9753511398598;"Description of Book Title 442";"horror, fantasy"
"Book Title 443";John;Doe;2021;9729750990915;"Description of Book Title 443";"horror, fantasy"
"Book Title 444";John;Doe;2021;1151528856651;"Description of Book Title 444";"horror, fantasy"
"Book Title 445";John;Doe;2021;5443772800357;"Description of Book Title 445";"horror, fantasy"
"Book Title 446";John;Doe;2021;2698597047413;"Description of Book Title 446";"horror, fantasy"
"Book Title 447";John;Doe;2021;6728946417415;"Description of Book Title 447";"horror, fantasy"
"Book Title 448";John;Doe;2021;4975036256250;"Description of Book Title 448";"horror, fantasy"
"Book Title 449";John;Doe;2021;1012696807770;"Description of Book Title 449";"horror, fantasy"
"Book Title 450";John;Doe;2021;8719401835369;"Description of Book Title 450";"horror, fantasy"
"Book Title 451";John;Doe;2021;2135639788844;"Description of Book Title 451";"horror, fantasy"
"Book Title 452";John;Doe;2021;3842561034428;"Description of Book Title 452";"horror, fantasy"
"Book Title 453";John;Doe;2021;4712535808268;"Description of Book Title 453";"horror, fantasy"
"Book Title 454";John;Doe;2021;2272867870832;"Description of Book Title 454";"horror, fantasy"
"Book Title 455";John;Doe;2021;5817989522339;"Description of Book Title 455";"horror, fantasy"
"Book Title 456";John;Doe;2021;2571581369497;"Description of Book Title 456";"horror, fantasy"
"Book Title 457";John;Doe;2021;8782989546440;"Description of Book Title 457";"horror, fantasy"
"Book Title 458";John;Doe;2021;3535793813663;"Description of Book Title 458";"horror, fantasy"
"Book Title 459";John;Doe;2021;8417752162998;"Description of Book Title 459";"horror, fantasy"
"Book Title 460";John;Doe;2021;9383367793489;"Description of Book Title 460";"horror, fantasy"
"Book Title 461";John;Doe;2021;8824009463688;"Description of Book Title 461";"horror, fantasy"
"Book Title 462";John;Doe;2021;2506895597448;"Description of Book Title 462";"horror, fantasy"
"Book Title 463";John;Doe;2021;2012421063439;"Description of Book Title 463";"horror, fantasy"
"Book Title 464";John;Doe;2021;2532285852300;"Description of Book Title 464";"horror, fantasy"
"Book Title 465";John;Doe;2021;9573880918400;"Description of Book Title 465";"horror, fantasy"
"Book Title 466";John;Doe;2021;4721670742443;"Description of Book Title 466";"horror, fantasy"
"Book Title 467";John;Doe;2021;5292337082506;"Description of Book Title 467";"horror, fantasy"
"Book Title 468";John;Doe;2021;5184754659736;"Description of Book Title 468";"horror, fantasy"
"Book Title 469";John;Doe;2021;8688265697835;"Description of Book Title 469";"horror, fantasy"
"Book Title 470";John;Doe;2021;7131205453105;"Description of Book Title 470";"horror, fantasy"
"Book Title 471";John;Doe;2021;2917442482537;"Description of Book Title 471";"horror, fantasy"
"Book Title 472";John;Doe;2021;6300096841758;"Description of Book Title 472";"horror, fantasy"
"Book Title 473";John;Doe;2021;6555234705210;"Description of Book Title 473";"horror, fantasy"
"Book Title 474";John;Doe;2021;8930348000022;"Description of Book Title 474";"horror, fantasy"
"Book Title 475";John;Doe;2021;6504264155694;"Description of Book Title 475";"horror, fantasy"
"Book Title 476";John;Doe;2021;3980405155274;"Description of Book Title 476";"horror, fantasy"
"Book Title 477";John;Doe;2021;9631686252270;"Description of Book Title 477";"horror, fantasy"
"Book Title 478";John;Doe;2021;2469572079478;"Description of Book Title 478";"horror, fantasy"
"Book Title 479";John;Doe;2021;2552197459945;"Description of Book Title 479";"horror, fantasy"
"Book Title 480";John;Doe;2021;5992477955404;"Description of Book Title 480";"horror, fantasy"
"Book Title 481";John;Doe;2021;6330440617627;"Description of Book Title 481";"horror, fantasy"
"Book Title 482";John;Doe;2021;6693605272426;"Description of Book Title 482";"horror, fantasy"
"Book Title 483";John;Doe;2021;9957857584048;"Description of Book Title 483";"horror, fantasy"
"Book Title 484";John;Doe;2021;9290425697022;"Description of Book Title 484";"horror, fantasy"
"Book Title 485";John;Doe;2021;2125865090496;"Description of Book Title 485";"horror, fantasy"
"Book Title 486";John;Doe;2021;5168369178690;"Description of Book Title 486";"horror, fantasy"
"Book Title 487";John;Doe;2021;3196253089429;"Description of Book Title 487";"horror, fantasy"
"Book Title 488";John;Doe;2021;8536912168383;"Description of Book Title 488";"horror, fantasy"
"Book Title 489";John;Doe;2021;1270513423616;"Description of Book Title 489";"horror, fantasy"
"Book Title 490";John;Doe;2021;4336685214001;"Description of Book Title 490";"horror, fantasy"
"Book Title 491";John;Doe;2021;4073409071581;"Description of Book Title 491";"horror, fantasy"
"Book Title 492";John;Doe;2021;2107102684417;"Description of Book Title 492";"horror, fantasy"
"Book Title 493";John;Doe;2021;1887036641518;"Description of Book Title 493";"horror, fantasy"
"Book Title 494";John;Doe;2021;9163166571134;"Description of Book Title 494";"horror, fantasy"
"Book Title 495";John;Doe;2021;7895393581970;"Description of Book Title 495";"horror, fantasy"
"Book Title 496";John;Doe;2021;5897600615400;"Description of Book Title 496";"horror, fantasy"
"Book Title 497";John;Doe;2021;4589685984856;"Description of Book Title 497";"horror, fantasy"
"Book Title 498";John;Doe;2021;9000306130162;"Description of Book Title 498";"horror, fantasy"
"Book Title 499";John;Doe;2021;8494164975016;"Description of Book Title 499";"horror, fantasy"
"Book Title 500";John;Doe;2021;4547879715903;"Description of Book Title 500";"horror, fantasy"
"Book Title 501";John;Doe;2021;7677737515006;"Description of Book Title 501";"horror, fantasy"
"Book Title 502";John;Doe;2021;7021875289588;"Description of Book Title 502";"horror, fantasy"
"Book Title 503";John;Doe;2021;5979073163154;"Description of Book Title 503";"horror, fantasy"
"Book Title 504";John;Doe;2021;8813354939180;"Description of Book Title 504";"horror, fantasy"
"Book Title 505";John;Doe;2021;5578748756583;"Description of Book Title 505";"horror, fantasy"
"Book Title 506";John;Doe;2021;1039352355454;"Description of Book Title 506";"horror, fantasy"
"Book Title 507";John;Doe;2021;3930586418250;"Description of Book Title 507";"horror, fantasy"
"Book Title 508";John;Doe;2021;4886234450587;"Description of Book Title 508";"horror, fantasy"
"Book Title 509";John;Doe;2021;5602718854678;"Description of Book Title 509";"horror, fantasy"
"Book Title 510";John;Doe;2021;9758492753353;"Description of Book Title 510";"horror, fantasy"
"Book Title 511";John;Doe;2021;2550250318911;"Description of Book Title 511";"horror, fantasy"
"Book Title 512";John;Doe;2021;5365776861702;"Description of Book Title 512";"horror, fantasy"
"Book Title 513";John;Doe;2021;5940017016624;"Description of Book Title 513";"horror, fantasy"
"Book Title 514";John;Doe;2021;7659384161447;"Description of Book Title 514";"horror, fantasy"
"Book Title 515";John;Doe;2021;3242428136810;"Description of Book Title 515";"horror, fantasy"
"Book Title 516";John;Doe;2021;4723546396832;"Description of Book Title 516";"horror, fantasy"
"Book Title 517";John;Doe;2021;1153777281108;"Description of Book Title 517";"horror, fantasy"
"Book Title 518";John;Doe;2021;3343577841358;"Description of Book Title 518";"horror, fantasy"
"Book Title 519";John;Doe;2021;8828337231771;"Description of Book Title 519";"horror, fantasy"
"Book Title 520";John;Doe;2021;5905418936683;"Description of Book Title 520";"horror, fantasy"
"Book Title 521";John;Doe;2021;1759836755661;"Description of Book Title 521";"horror, fantasy"
"Book Title 522";John;Doe;2021;3983016437680;"Description of Book Title 522";"horror, fantasy"
"Book Title 523";John;Doe;2021;6877620625199;"Description of Book Title 523";"horror, fantasy"
"Book Title 524";John;Doe;2021;4272318597320;"Description of Book Title 524";"horror, fantasy"
"Book Title 525";John;Doe;2021;2057903423217;"Description of Book Title 525";"horror, fantasy"
"Book Title 526";John;Doe;2021;6591054183428;"Description of Book Title 526";"horror, fantasy"
"Book Title 527";John;Doe;2021;2396695916111;"Description of Book Title 527";"horror, fantasy"
"Book Title 528";John;Doe;2021;3030575969168;"Description of Book Title 528";"horror, fantasy"
"Book Title 529";John;Doe;2021;2525488245642;"Description of Book Title 529";"horror, fantasy"
"Book Title 530";John;Doe;2021;7558754542865;"Description of Book Title 530";"horror, fantasy"
"Book Title 531";John;Doe;2021;6023072771407;"Description of Book Title 531";"horror, fantasy"
"Book Title 532";John;Doe;2021;9597854233334;"Description of Book Title 532";"horror, fantasy"
"Book Title 533";John;Doe;2021;6635229142741;"Description of Book Title 533";"horror, fantasy"
"Book Title 534";John;Doe;2021;9236112516711;"Description of Book Title 534";"horror, fantasy"
"Book Title 535";John;Doe;2021;8650637530877;"Description of Book Title 535";"horror, fantasy"
"Book Title 536";John;Doe;2021;7457899464520;"Description of Book Title 536";"horror, fantasy"
"Book Title 537";John;Doe;2021;3889250680945;"Description of Book Title 537";"horror, fantasy"
"Book Title 538";John;Doe;2021;7635098325279;"Description of Book Title 538";"horror, fantasy"
"Book Title 539";John;Doe;2021;9867362353640;"Description of Book Title 539";"horror, fantasy"
"Book Title 540";John;Doe;2021;5658774910047;"Description of Book Title 540";"horror, fantasy"
"Book Title 541";John;Doe;2021;8709594749477;"Description of Book Title 541";"horror, fantasy"
"Book Title 542";John;Doe;2021;5213976000248;"Description of Book Title 542";"horror, fantasy"
"Book Title 543";John;Doe;2021;4554850273788;"Description of Book Title 543";"horror, fantasy"
"Book Title 544";John;Doe;2021;7641900408750;"Description of Book Title 544";"horror, fantasy"
"Book Title 545";John;Doe;2021;9591878059793;"Description of Book Title 545";"horror, fantasy"
"Book Title 546";John;Doe;2021;1923147454128;"Description of Book Title 546";"horror, fantasy"
"Book Title 547";John;Doe;2021;8758612445246;"Description of Book Title 547";"horror, fantasy"
"Book Title 548";John;Doe;2021;6720162255098;"Description of Book Title 548";"horror, fantasy"
"Book Title 549";John;Doe;2021;6014337413085;"Description of Book Title 549";"horror, fantasy"
"Book Title 550";John;Doe;2021;6673592032468;"Description of Book Title 550";"horror, fantasy"
"Book Title 551";John;Doe;2021;2368989888100;"Description of Book Title 551";"horror, fantasy"
"Book Title 552";John;Doe;2021;1980303545780;"Description of Book Title 552";"horror, fantasy"
"Book Title 553";John;Doe;2021;1256145909500;"Description of Book Title 553";"horror, fantasy"
"Book Title 554";John;Doe;2021;6062892165835;"Description of Book Title 554";"horror, fantasy"
"Book Title 555";John;Doe;2021;7582087639328;"Description of Book Title 555";"horror, fantasy"
"Book Title 556";John;Doe;2021;6513584895606;"Description of Book Title 556";"horror, fantasy"
"Book Title 557";John;Doe;2021;2736418300174;"Description of Book Title 557";"horror, fantasy"
"Book Title 558";John;Doe;2021;4830190585904;"Description of Book Title 558";"horror, fantasy"
"Book Title 559";John;Doe;2021;7364546818257;"Description of Book Title 559";"horror, fantasy"
"Book Title 560";John;Doe;2021;3634204322922;"Description of Book Title 560";"horror, fantasy"
"Book Title 561";John;Doe;2021;6962620898610;"Description of Book Title 561";"horror, fantasy"
"Book Title 562";John;Doe;2021;9212380014326;"Description of Book Title 562";"horror, fantasy"
"Book Title 563";John;Doe;2021;5280440988259;"Description of Book Title 563";"horror, fantasy"
"Book Title 564";John;Doe;2021;9889053512585;"Description of Book Title 564";"horror, fantasy"
"Book Title 565";John;Doe;2021;7416072587720;"Description of Book Title 565";"horror, fantasy"
"Book Title 566";John;Doe;2021;8974354753218;"Description of Book Title 566";"horror, fantasy"
"Book Title 567";John;Doe;2021;3197135360869;"Description of Book Title 567";"horror, fantasy"
"Book Title 568";John;Doe;2021;6123344160511;"Description of Book Title 568";"horror, fantasy"
"Book Title 569";John;Doe;2021;1519529639079;"Description of Book Title 569";"horror, fantasy"
"Book Title 570";John;Doe;2021;8855123091141;"Description of Book Title 570";"horror, fantasy"
"Book Title 571";John;Doe;2021;3541269324319;"Description of Book Title 571";"horror, fantasy"
"Book Title 572";John;Doe;2021;6454055434073;"Description of Book Title 572";"horror, fantasy"
"Book Title 573";John;Doe;2021;4489870103819;"Description of Book Title 573";"horror, fantasy"
"Book Title 574";John;Doe;2021;2684997981623;"Description of Book Title 574";"horror, fantasy"
"Book Title 575";John;Doe;2021;3255175970600;"Description of Book Title 575";"horror, fantasy"
"Book Title 576";John;Doe;2021;3340115081273;"Description of Book Title 576";"horror, fantasy"
"Book Title 577";John;Doe;2021;1390942285194;"Description of Book Title 577";"horror, fantasy"
"Book Title 578";John;Doe;2021;8279160070841;"Description of Book Title 578";"horror, fantasy"
"Book Title 579";John;Doe;2021;3076749215228;"Description of Book Title 579";"horror, fantasy"
"Book Title 580";John;Doe;2021;6597969351022;"Description of Book Title 580";"horror, fantasy"
"Book Title 581";John;Doe;2021;3665968411161;"Description of Book Title 581";"horror, fantasy"
"Book Title 582";John;Doe;2021;1127784694570;"Description of Book Title 582";"horror, fantasy"
"Book Title 583";John;Doe;2021;9396083733756;"Description of Book Title 583";"horror, fantasy"
"Book Title 584";John;Doe;2021;2551776137163;"Description of Book Title 584";"horror, fantasy"
"Book Title 585";John;Doe;2021;3805493168175;"Description of Book Title 585";"horror, fantasy"
"Book Title 586";John;Doe;2021;2060512679069;"Description of Book Title 586";"horror, fantasy"
"Book Title 587";John;Doe;2021;8859122190308;"Description of Book Title 587";"horror, fantasy"
"Book Title 588";John;Doe;2021;2548125164232;"Description of Book Title 588";"horror, fantasy"
"Book Title 589";John;Doe;2021;1219782648142;"Description of Book Title 589";"horror, fantasy"
"Book Title 590";John;Doe;2021;3255374006837;"Description of Book Title 590";"horror, fantasy"
"Book Title 591";John;Doe;2021;7350449870832;"Description of Book Title 591";"horror, fantasy"
"Book Title 592";John;Doe;2021;4956874877582;"Description of Book Title 592";"horror, fantasy"
"Book Title 593";John;Doe;2021;7096034985145;"Description of Book Title 593";"horror, fantasy"
"Book Title 594";John;Doe;2021;6182487888201;"Description of Book Title 594";"horror, fantasy"
"Book Title 595";John;Doe;2021;5014054593960;"Description of Book Title 595";"horror, fantasy"
"Book Title 596";John;Doe;2021;2340431784239;"Description of Book Title 596";"horror, fantasy"
"Book Title 597";John;Doe;2021;8626720481087;"Description of Book Title 597";"horror, fantasy"
"Book Title 598";John;Doe;2021;3196178387194;"Description of Book Title 598";"horror, fantasy"
"Book Title 599";John;Doe;2021;6433529522148;"Description of Book Title 599";"horror, fantasy"
"Book Title 600";John;Doe;2021;6277218930021;"Description of Book Title 600";"horror, fantasy"
"Book Title 601";John;Doe;2021;8939062603394;"Description of Book Title 601";"horror, fantasy"
"Book Title 602";John;Doe;2021;8270008972875;"Description of Book Title 602";"horror, fantasy"
"Book Title 603";John;Doe;2021;8723378443617;"Description of Book Title 603";"horror, fantasy"
"Book Title 604";John;Doe;2021;4409071231778;"Description of Book Title 604";"horror, fantasy"
"Book Title 605";John;Doe;2021;6354326761601;"Description of Book Title 605";"horror, fantasy"
"Book Title 606";John;Doe;2021;2926827478273;"Description of Book Title 606";"horror, fantasy"
"Book Title 607";John;Doe;2021;1960845062217;"Description of Book Title 607";"horror, fantasy"
"Book Title 608";John;Doe;2021;9216648512622;"Description of Book Title 608";"horror, fantasy"
"Book Title 609";John;Doe;2021;9459750103536;"Description of Book Title 609";"horror, fantasy"
"Book Title 610";John;Doe;2021;4316892053245;"Description of Book Title 610";"horror, fantasy"
"Book Title 611";John;Doe;2021;2714152026442;"Description of Book Title 611";"horror, fantasy"
"Book Title 612";John;Doe;2021;2829387697725;"Description of Book Title 612";"horror, fantasy"
"Book Title 613";John;Doe;2021;4827837488160;"Description of Book Title 613";"horror, fantasy"
"Book Title 614";John;Doe;2021;4752747691222;"Description of Book Title 614";"horror, fantasy"
"Book Title 615";John;Doe;2021;1757913809688;"Description of Book Title 615";"horror, fantasy"
"Book Title 616";John;Doe;2021;9623769836898;"Description of Book Title 616";"horror, fantasy"
"Book Title 617";John;Doe;2021;1130588999229;"Description of Book Title 617";"horror, fantasy"
"Book Title 618";John;Doe;2021;1433128537373;"Description of Book Title 618";"horror, fantasy"
"Book Title 619";John;Doe;2021;3538608986732;"Description of Book Title 619";"horror, fantasy"
"Book Title 620";John;Doe;2021;3939541709898;"Description of Book Title 620";"horror, fantasy"
"Book Title 621";John;Doe;2021;1165139316515;"Description of Book Title 621";"horror, fantasy"
"Book Title 622";John;Doe;2021;3018826504544;"Description of Book Title 622";"horror, fantasy"
"Book Title 623";John;Doe;2021;6827159555258;"Description of Book Title 623";"horror, fantasy"
"Book Title 624";John;Doe;2021;5400706665084;"Description of Book Title 624";"horror, fantasy"
"Book Title 625";John;Doe;2021;2441667805705;"Description of Book Title 625";"horror, fantasy"
"Book Title 626";John;Doe;2021;4664141709006;"Description of Book Title 626";"horror, fantasy"
"Book Title 627";John;Doe;2021;4311376951196;"Description of Book Title 627";"horror, fantasy"
"Book Title 628";John;Doe;2021;2984205091344;"Description of Book Title 628";"horror, fantasy"
"Book Title 629";John;Doe;2021;1410428686260;"Description of Book Title 629";"horror, fantasy"
"Book Title 630";John;Doe;2021;3997530996955;"Description of Book Title 630";"horror, fantasy"
"Book Title 631";John;Doe;2021;8543684383203;"Description of Book Title 631";"horror, fantasy"
"Book Title 632";John;Doe;2021;7177674139505;"Description of Book Title 632";"horror, fantasy"
"Book Title 633";John;Doe;2021;1533601407396;"Description of Book Title 633";"horror, fantasy"
"Book Title 634";John;Doe;2021;5807688498393;"Description of Book Title 634";"horror, fantasy"
"Book Title 635";John;Doe;2021;8527480951104;"Description of Book Title 635";"horror, fantasy"
"Book Title 636";John;Doe;2021;2676293610690;"Description of Book Title 636";"horror, fantasy"
"Book Title 637";John;Doe;2021;8103007786205;"Description of Book Title 637";"horror, fantasy"
"Book Title 638";John;Doe;2021;3604234603528;"Description of Book Title 638";"horror, fantasy"
"Book Title 639";John;Doe;2021;3938627518744;"Description of Book Title 639";"horror, fantasy"
"Book Title 640";John;Doe;2021;8425294946431;"Description of Book Title 640";"horror, fantasy"
"Book Title 641";John;Doe;2021;6559990424282;"Description of Book Title 641";"horror, fantasy"
"Book Title 642";John;Doe;2021;5333123936908;"Description of Book Title 642";"horror, fantasy"
"Book Title 643";John;Doe;2021;4563952866248;"Description of Book Title 643";"horror, fantasy"
"Book Title 644";John;Doe;2021;4270360253945;"Description of Book Title 644";"horror, fantasy"
"Book Title 645";John;Doe;2021;5872656649556;"Description of Book Title 645";"horror, fantasy"
"Book Title 646";John;Doe;2021;5334975675430;"Description of Book Title 646";"horror, fantasy"
"Book Title 647";John;Doe;2021;9168287004406;"Description of Book Title 647";"horror, fantasy"
"Book Title 648";John;Doe;2021;5665268811292;"Description of Book Title 648";"horror, fantasy"
"Book Title 649";John;Doe;2021;7989845636321;"Description of Book Title 649";"horror, fantasy"
"Book Title 650";John;Doe;2021;7346400800495;"Description of Book Title 650";"horror, fantasy"
"Book Title 651";John;Doe;2021;9069504514277;"Description of Book Title 651";"horror, fantasy"
"Book Title 652";John;Doe;2021;1909513999023;"Description of Book Title 652";"horror, fantasy"
"Book Title 653";John;Doe;2021;9149414993986;"Description of Book Title 653";"horror, fantasy"
"Book Title 654";John;Doe;2021;4029132477397;"Description of Book Title 654";"horror, fantasy"
"Book Title 655";John;Doe;2021;1425798077920;"Description of Book Title 655";"horror, fantasy"
"Book Title 656";John;Doe;2021;3653339068151;"Description of Book Title 656";"horror, fantasy"
"Book Title 657";John;Doe;2021;5111826411033;"Description of Book Title 657";"horror, fantasy"
"Book Title 658";John;Doe;2021;3514652168829;"Description of Book Title 658";"horror, fantasy"
"Book Title 659";John;Doe;2021;4250585039616;"Description of Book Title 659";"horror, fantasy"
"Book Title 660";John;Doe;2021;4007913042735;"Description of Book Title 660";"horror, fantasy"
"Book Title 661";John;Doe;2021;9739223839400;"Description of Book Title 661";"horror, fantasy"
"Book Title 662";John;Doe;2021;4898179704954;"Description of Book Title 662";"horror, fantasy"
"Book Title 663";John;Doe;2021;5241587192453;"Description of Book Title 663";"horror, fantasy"
"Book Title 664";John;Doe;2021;7063946091509;"Description of Book Title 664";"horror, fantasy"
"Book Title 665";John;Doe;2021;6085844850424;"Description of Book Title 665";"horror, fantasy"
"Book Title 666";John;Doe;2021;5642373076445;"Description of Book Title 666";"horror, fantasy"
"Book Title 667";John;Doe;2021;5714052734531;"Description of Book Title 667";"horror, fantasy"
"Book Title 668";John;Doe;2021;3810991071627;"Description of Book Title 668";"horror, fantasy"
"Book Title 669";John;Doe;2021;4774260745104;"Description of Book Title 669";"horror, fantasy"
"Book Title 670";John;Doe;2021;5234680782426;"Description of Book Title 670";"horror, fantasy"
"Book Title 671";John;Doe;2021;4004613217103;"Description of Book Title 671";"horror, fantasy"
"Book Title 672";John;Doe;2021;8684688940474;"Description of Book Title 672";"horror, fantasy"
"Book Title 673";John;Doe;2021;3342088784585;"Description of Book Title 673";"horror, fantasy"
"Book Title 674";John;Doe;2021;1131916078058;"Description of Book Title 674";"horror, fantasy"
"Book Title 675";John;Doe;2021;5907364916963;"Description of Book Title 675";"horror, fantasy"
"Book Title 676";John;Doe;2021;1685936230025;"Description of Book Title 676";"horror, fantasy"
"Book Title 677";John;Doe;2021;2799801279086;"Description of Book Title 677";"horror, fantasy"
"Book Title 678";John;Doe;2021;4261683429776;"Description of Book Title 678";"horror, fantasy"
"Book Title 679";John;Doe;2021;6070667136218;"Description of Book Title 679";"horror, fantasy"
"Book Title 680";John;Doe;2021;4174852979110;"Description of Book Title 680";"horror, fantasy"
"Book Title 681";John;Doe;2021;6928187129931;"Description of Book Title 681";"horror, fantasy"
"Book Title 682";John;Doe;2021;9843789891248;"Description of Book Title 682";"horror, fantasy"
"Book Title 683";John;Doe;2021;5104251768157;"Description of Book Title 683";"horror, fantasy"
"Book Title 684";John;Doe;2021;6097190497392;"Description of Book Title 684";"horror, fantasy"
"Book Title 685";John;Doe;2021;5036773826978;"Description of Book Title 685";"horror, fantasy"
"Book Title 686";John;Doe;2021;9601624217656;"Description of Book Title 686";"horror, fantasy"
"Book Title 687";John;Doe;2021;6992344762366;"Description of Book Title 687";"horror, fantasy"
"Book Title 688";John;Doe;2021;7656564568860;"Description of Book Title 688";"horror, fantasy"
"Book Title 689";John;Doe;2021;4488110211494;"Description of Book Title 689";"horror, fantasy"
"Book Title 690";John;Doe;2021;2139327174036;"Description of Book Title 690";"horror, fantasy"
"Book Title 691";John;Doe;2021;3930184632032;"Description of Book Title 691";"horror, fantasy"
"Book Title 692";John;Doe;2021;6585787526128;"Description of Book Title 692";"horror, fantasy"
"Book Title 693";John;Doe;2021;9466559484432;"Description of Book Title 693";"horror, fantasy"
"Book Title 694";John;Doe;2021;6385284200885;"Description of Book Title 694";"horror, fantasy"
"Book Title 695";John;Doe;2021;6450734630876;"Description of Book Title 695";"horror, fantasy"
"Book Title 696";John;Doe;2021;4490196213109;"Description of Book Title 696";"horror, fantasy"
"Book Title 697";John;Doe;2021;4738942687238;"Description of Book Title 697";"horror, fantasy"
"Book Title 698";John;Doe;2021;8203083742345;"Description of Book Title 698";"horror, fantasy"
"Book Title 699";John;Doe;2021;1142938725455;"Description of Book Title 699";"horror, fantasy"
"Book Title 700";John;Doe;2021;3355594318064;"Description of Book Title 700";"horror, fantasy"
"Book Title 701";John;Doe;2021;9425601613445;"Description of Book Title 701";"horror, fantasy"
"Book Title 702";John;Doe;2021;4085534065933;"Description of Book Title 702";"horror, fantasy"
"Book Title 703";John;Doe;2021;9942665100491;"Description of Book Title 703";"horror, fantasy"
"Book Title 704";John;Doe;2021;2295640336780;"Description of Book Title 704";"horror, fantasy"
"Book Title 705";John;Doe;2021;9128378372423;"Description of Book Title 705";"horror, fantasy"
"Book Title 706";John;Doe;2021;5598415787358;"Description of Book Title 706";"horror, fantasy"
"Book Title 707";John;Doe;2021;7567075446182;"Description of Book Title 707";"horror, fantasy"
"Book Title 708";John;Doe;2021;9179936318986;"Description of Book Title 708";"horror, fantasy"
"Book Title 709";John;Doe;2021;3764976862500;"Description of Book Title 709";"horror, fantasy"
"Book Title 710";John;Doe;2021;7636910372488;"Description of Book Title 710";"horror, fantasy"
"Book Title 711";John;Doe;2021;9460041137607;"Description of Book Title 711";"horror, fantasy"
"Book Title 712";John;Doe;2021;1069834124790;"Description of Book Title 712";"horror, fantasy"
"Book Title 713";John;Doe;2021;3640780972318;"Description of Book Title 713";"horror, fantasy"
"Book Title 714";John;Doe;2021;3804309811790;"Description of Book Title 714";"horror, fantasy"
"Book Title 715";John;Doe;2021;2955062701418;"Description of Book Title 715";"horror, fantasy"
"Book Title 716";John;Doe;2021;7207533881703;"Description of Book Title 716";"horror, fantasy"
"Book Title 717";John;Doe;2021;4851009668010;"Description of Book Title 717";"horror, fantasy"
"Book Title 718";John;Doe;2021;5279421270906;"Description of Book Title 718";"horror, fantasy"
"Book Title 719";John;Doe;2021;1810470172567;"Description of Book Title 719";"horror, fantasy"
"Book Title 720";John;Doe;2021;5076557723689;"Description of Book Title 720";"horror, fantasy"
"Book Title 721";John;Doe;2021;8289552920481;"Description of Book Title 721";"horror, fantasy"
"Book Title 722";John;Doe;2021;1201600994937;"Description of Book Title 722";"horror, fantasy"
"Book Title 723";John;Doe;2021;3335264895667;"Description of Book Title 723";"horror, fantasy"
"Book Title 724";John;Doe;2021;6082622843361;"Description of Book Title 724";"horror, fantasy"
"Book Title 725";John;Doe;2021;3381924033501;"Description of Book Title 725";"horror, fantasy"
"Book Title 726";John;Doe;2021;9550110861793;"Description of Book Title 726";"horror, fantasy"
"Book Title 727";John;Doe;2021;3371781846344;"Description of Book Title 727";"horror, fantasy"
"Book Title 728";John;Doe;2021;9178368461974;"Description of Book Title 728";"horror, fantasy"
"Book Title 729";John;Doe;2021;1843365346126;"Description of Book Title 729";"horror, fantasy"
"Book Title 730";John;Doe;2021;2299264314393;"Description of Book Title 730";"horror, fantasy"
"Book Title 731";John;Doe;2021;2412598825501;"Description of Book Title 731";"horror, fantasy"
"Book Title 732";John;Doe;2021;9476686647961;"Description of Book Title 732";"horror, fantasy"
"Book Title 733";John;Doe;2021;1680586584254;"Description of Book Title 733";"horror, fantasy"
"Book Title 734";John;Doe;2021;7899466233663;"Description of Book Title 734";"horror, fantasy"
"Book Title 735";John;Doe;2021;2930731606851;"Description of Book Title 735";"horror, fantasy"
"Book Title 736";John;Doe;2021;4881717919679;"Description of Book Title 736";"horror, fantasy"
"Book Title 737";John;Doe;2021;8919888895703;"Description of Book Title 737";"horror, fantasy"
"Book Title 738";John;Doe;2021;7795438658900;"Description of Book Title 738";"horror, fantasy"
"Book Title 739";John;Doe;2021;8939515217201;"Description of Book Title 739";"horror, fantasy"
"Book Title 740";John;Doe;2021;7480038249787;"Description of Book Title 740";"horror, fantasy"
"Book Title 741";John;Doe;2021;5913575239456;"Description of Book Title 741";"horror, fantasy"
"Book Title 742";John;Doe;2021;6621433605331;"Description of Book Title 742";"horror, fantasy"
"Book Title 743";John;Doe;2021;3398465209042;"Description of Book Title 743";"horror, fantasy"
"Book Title 744";John;Doe;2021;2677789858236;"Description of Book Title 744";"horror, fantasy"
"Book Title 745";John;Doe;2021;3694858738595;"Description of Book Title 745";"horror, fantasy"
"Book Title 746";John;Doe;2021;4281586547520;"Description of Book Title 746";"horror, fantasy"
"Book Title 747";John;Doe;2021;8900611994935;"Description of Book Title 747";"horror, fantasy"
"Book Title 748";John;Doe;2021;5933634625845;"Description of Book Title 748";"horror, fantasy"
"Book Title 749";John;Doe;2021;5314836696372;"Description of Book Title 749";"horror, fantasy"
"Book Title 750";John;Doe;2021;2729718621374;"Description of Book Title 750";"horror, fantasy"
"Book Title 751";John;Doe;2021;5936011564639;"Description of Book Title 751";"horror, fantasy"
"Book Title 752";John;Doe;2021;4498709098123;"Description of Book Title 752";"horror, fantasy"
"Book Title 753";John;Doe;2021;2566498873528;"Description of Book Title 753";"horror, fantasy"
"Book Title 754";John;Doe;2021;7031893679911;"Description of Book Title 754";"horror, fantasy"
"Book Title 755";John;Doe;2021;2757699045861;"Description of Book Title 755";"horror, fantasy"
"Book Title 756";John;Doe;2021;5809725418145;"Description of Book Title 756";"horror, fantasy"
"Book Title 757";John;Doe;2021;2413795487045;"Description of Book Title 757";"horror, fantasy"
"Book Title 758";John;Doe;2021;3248155369173;"Description of Book Title 758";"horror, fantasy"
"Book Title 759";John;Doe;2021;4607514322005;"Description of Book Title 759";"horror, fantasy"
"Book Title 760";John;Doe;2021;6030617110363;"Description of Book Title 760";"horror, fantasy"
"Book Title 761";John;Doe;2021;7989644264974;"Description of Book Title 761";"horror, fantasy"
"Book Title 762";John;Doe;2021;1965201159945;"Description of Book Title 762";"horror, fantasy"
"Book Title 763";John;Doe;2021;7508802233315;"Description of Book Title 763";"horror, fantasy"
"Book Title 764";John;Doe;2021;5680236590337;"Description of Book Title 764";"horror, fantasy"
"Book Title 765";John;Doe;2021;8680889053570;"Description of Book Title 765";"horror, fantasy"
"Book Title 766";John;Doe;2021;4305356051352;"Description of Book Title 766";"horror, fantasy"
"Book Title 767";John;Doe;2021;2466807651993;"Description of Book Title 767";"horror, fantasy"
"Book Title 768";John;Doe;2021;9239247474982;"Description of Book Title 768";"horror, fantasy"
"Book Title 769";John;Doe;2021;3459195940726;"Description of Book Title 769";"horror, fantasy"
"Book Title 770";John;Doe;2021;6509555826575;"Description of Book Title 770";"horror, fantasy"
"Book Title 771";John;Doe;2021;7617460773623;"Description of Book Title 771";"horror, fantasy"
"Book Title 772";John;Doe;2021;4257233563875;"Description of Book Title 772";"horror, fantasy"
"Book Title 773";John;Doe;2021;3481327235577;"Description of Book Title 773";"horror, fantasy"
"Book Title 774";John;Doe;2021;4509281655406;"Description of Book Title 774";"horror, fantasy"
"Book Title 775";John;Doe;2021;4220150884447;"Description of Book Title 775";"horror, fantasy"
"Book Title 776";John;Doe;2021;1458785500025;"Description of Book Title 776";"horror, fantasy"
"Book Title 777";John;Doe;2021;8550170458755;"Description of Book Title 777";"horror, fantasy"
"Book Title 778";John;Doe;2021;7654705992123;"Description of Book Title 778";"horror, fantasy"
"Book Title 779";John;Doe;2021;8449988105642;"Description of Book Title 779";"horror, fantasy"
"Book Title 780";John;Doe;2021;3404086096824;"Description of Book Title 780";"horror, fantasy"
"Book Title 781";John;Doe;2021;9693983679542;"Description of Book Title 781";"horror, fantasy"
"Book Title 782";John;Doe;2021;2980490061696;"Description of Book Title 782";"horror, fantasy"
"Book Title 783";John;Doe;2021;2722280262249;"Description of Book Title 783";"horror, fantasy"
"Book Title 784";John;Doe;2021;7687405425682;"Description of Book Title 784";"horror, fantasy"
"Book Title 785";John;Doe;2021;9234822268499;"Description of Book Title 785";"horror, fantasy"
"Book Title 786";John;Doe;2021;5621401541875;"Description of Book Title 786";"horror, fantasy"
"Book Title 787";John;Doe;2021;1373562045746;"Description of Book Title 787";"horror, fantasy"
"Book Title 788";John;Doe;2021;3701353144961;"Description of Book Title 788";"horror, fantasy"
"Book Title 789";John;Doe;2021;4894246028126;"Description of Book Title 789";"horror, fantasy"
"Book Title 790";John;Doe;2021;9604706236989;"Description of Book Title 790";"horror, fantasy"
"Book Title 791";John;Doe;2021;8143003622453;"Description of Book Title 791";"horror, fantasy"
"Book Title 792";John;Doe;2021;4381170624921;"Description of Book Title 792";"horror, fantasy"
"Book Title 793";John;Doe;2021;5809825778482;"Description of Book Title 793";"horror, fantasy"
"Book Title 794";John;Doe;2021;3130506875906;"Description of Book Title 794";"horror, fantasy"
"Book Title 795";John;Doe;2021;3812387233204;"Description of Book Title 795";"horror, fantasy"
"Book Title 796";John;Doe;2021;1749726404807;"Description of Book Title 796";"horror, fantasy"
"Book Title 797";John;Doe;2021;5168884310319;"Description of Book Title 797";"horror, fantasy"
"Book Title 798";John;Doe;2021;5403661203199;"Description of Book Title 798";"horror, fantasy"
"Book Title 799";John;Doe;2021;1684193210368;"Description of Book Title 799";"horror, fantasy"
"Book Title 800";John;Doe;2021;6696950365012;"Description of Book Title 800";"horror, fantasy"
"Book Title 801";John;Doe;2021;4104986883770;"Description of Book Title 801";"horror, fantasy"
"Book Title 802";John;Doe;2021;6974458569792;"Description of Book Title 802";"horror, fantasy"
"Book Title 803";John;Doe;2021;9218869153359;"Description of Book Title 803";"horror, fantasy"
"Book Title 804";John;Doe;2021;7206105262134;"Description of Book Title 804";"horror, fantasy"
"Book Title 805";John;Doe;2021;1835293488794;"Description of Book Title 805";"horror, fantasy"
"Book Title 806";John;Doe;2021;6458321224772;"Description of Book Title 806";"horror, fantasy"
"Book Title 807";John;Doe;2021;8461938887876;"Description of Book Title 807";"horror, fantasy"
"Book Title 808";John;Doe;2021;8933928433219;"Description of Book Title 808";"horror, fantasy"
"Book Title 809";John;Doe;2021;9448627124492;"Description of Book Title 809";"horror, fantasy"
"Book Title 810";John;Doe;2021;3506448077323;"Description of Book Title 810";"horror, fantasy"
"Book Title 811";John;Doe;2021;3871230419383;"Description of Book Title 811";"horror, fantasy"
"Book Title 812";John;Doe;2021;6821651388782;"Description of Book Title 812";"horror, fantasy"
"Book Title 813";John;Doe;2021;7924103704690;"Description of Book Title 813";"horror, fantasy"
"Book Title 814";John;Doe;2021;2793407680520;"Description of Book Title 814";"horror, fantasy"
"Book Title 815";John;Doe;2021;6624244851819;"Description of Book Title 815";"horror, fantasy"
"Book Title 816";John;Doe;2021;9228365744358;"Description of Book Title 816";"horror, fantasy"
"Book Title 817";John;Doe;2021;8471422052494;"Description of Book Title 817";"horror, fantasy"
"Book Title 818";John;Doe;2021;7265248934120;"Description of Book Title 818";"horror, fantasy"
"Book Title 819";John;Doe;2021;8435907155909;"Description of Book Title 819";"horror, fantasy"
"Book Title 820";John;Doe;2021;8115689425904;"Description of Book Title 820";"horror, fantasy"
"Book Title 821";John;Doe;2021;3623424004788;"Description of Book Title 821";"horror, fantasy"
"Book Title 822";John;Doe;2021;8952663512458;"Description of Book Title 822";"horror, fantasy"
"Book Title 823";John;Doe;2021;6061545247167;"Description of Book Title 823";"horror, fantasy"
"Book Title 824";John;Doe;2021;5118430392398;"Description of Book Title 824";"horror, fantasy"
"Book Title 825";John;Doe;2021;9611083399511;"Description of Book Title 825";"horror, fantasy"
"Book Title 826";John;Doe;2021;6673346798643;"Description of Book Title 826";"horror, fantasy"
"Book Title 827";John;Doe;2021;6141243840246;"Description of Book Title 827";"horror, fantasy"
"Book Title 828";John;Doe;2021;8328084603103;"Description of Book Title 828";"horror, fantasy"
"Book Title 829";John;Doe;2021;2642994963882;"Description of Book Title 829";"horror, fantasy"
"Book Title 830";John;Doe;2021;8126714992316;"Description of Book Title 830";"horror, fantasy"
"Book Title 831";John;Doe;2021;9702026316667;"Description of Book Title 831";"horror, fantasy"
"Book Title 832";John;Doe;2021;8974419681754;"Description of Book Title 832";"horror, fantasy"
"Book Title 833";John;Doe;2021;6837203650336;"Description of Book Title 833";"horror, fantasy"
"Book Title 834";John;Doe;2021;2306716583054;"Description of Book Title 834";"horror, fantasy"
"Book Title 835";John;Doe;2021;6165792069870;"Description of Book Title 835";"horror, fantasy"
"Book Title 836";John;Doe;2021;7268926733991;"Description of Book Title 836";"horror, fantasy"
"Book Title 837";John;Doe;2021;8040437995405;"Description of Book Title 837";"horror, fantasy"
"Book Title 838";John;Doe;2021;1013627882456;"Description of Book Title 838";"horror, fantasy"
"Book Title 839";John;Doe;2021;4227088142201;"Description of Book Title 839";"horror, fantasy"
"Book Title 840";John;Doe;2021;8495789821935;"Description of Book Title 840";"horror, fantasy"
"Book Title 841";John;Doe;2021;3792580498947;"Description of Book Title 841";"horror, fantasy"
"Book Title 842";John;Doe;2021;4798654397210;"Description of Book Title 842";"horror, fantasy"
"Book Title 843";John;Doe;2021;6583744245028;"Description of Book Title 843";"horror, fantasy"
"Book Title 844";John;Doe;2021;2610995112651;"Description of Book Title 844";"horror, fantasy"
"Book Title 845";John;Doe;2021;3231406371754;"Description of Book Title 845";"horror, fantasy"
"Book Title 846";John;Doe;2021;5239690735231;"Description of Book Title 846";"horror, fantasy"
"Book Title 847";John;Doe;2021;6242926232451;"Description of Book Title 847";"horror, fantasy"
"Book Title 848";John;Doe;2021;8366184598622;"Description of Book Title 848";"horror, fantasy"
"Book Title 849";John;Doe;2021;8905461835911;"Description of Book Title 849";"horror, fantasy"
"Book Title 850";John;Doe;2021;5195323378877;"Description of Book Title 850";"horror, fantasy"
"Book Title 851";John;Doe;2021;4199287568738;"Description of Book Title 851";"horror, fantasy"
"Book Title 852";John;Doe;2021;2728916186103;"Description of Book Title 852";"horror, fantasy"
"Book Title 853";John;Doe;2021;5974873376348;"Description of Book Title 853";"horror, fantasy"
"Book Title 854";John;Doe;2021;2030697078949;"Description of Book Title 854";"horror, fantasy"
"Book Title 855";John;Doe;2021;3822672351599;"Description of Book Title 855";"horror, fantasy"
"Book Title 856";John;Doe;2021;2119172620163;"Description of Book Title 856";"horror, fantasy"
"Book Title 857";John;Doe;2021;6001031847814;"Description of Book Title 857";"horror, fantasy"
"Book Title 858";John;Doe;2021;8328545182406;"Description of Book Title 858";"horror, fantasy"
"Book Title 859";John;Doe;2021;1607570252081;"Description of Book Title 859";"horror, fantasy"
"Book Title 860";John;Doe;2021;4756681532761;"Description of Book Title 860";"horror, fantasy"
"Book Title 861";John;Doe;2021;2197155992982;"Description of Book Title 861";"horror, fantasy"
"Book Title 862";John;Doe;2021;7375870042600;"Description of Book Title 862";"horror, fantasy"
"Book Title 863";John;Doe;2021;2432526843737;"Description of Book Title 863";"horror, fantasy"
"Book Title 864";John;Doe;2021;8977834536834;"Description of Book Title 864";"horror, fantasy"
"Book Title 865";John;Doe;2021;1710756829559;"Description of Book Title 865";"horror, fantasy"
"Book Title 866";John;Doe;2021;6062389547695;"Description of Book Title 866";"horror, fantasy"
"Book Title 867";John;Doe;2021;5268739333142;"Description of Book Title 867";"horror, fantasy"
"Book Title 868";John;Doe;2021;3926160789619;"Description of Book Title 868";"horror, fantasy"
"Book Title 869";John;Doe;2021;8464073928499;"Description of Book Title 869";"horror, fantasy"
"Book Title 870";John;Doe;2021;3578594174248;"Description of Book Title 870";"horror, fantasy"
"Book Title 871";John;Doe;2021;6976531721958;"Description of Book Title 871";"horror, fantasy"
"Book Title 872";John;Doe;2021;5869224348118;"Description of Book Title 872";"horror, fantasy"
"Book Title 873";John;Doe;2021;9910311345406;"Description of Book Title 873";"horror, fantasy"
"Book Title 874";John;Doe;2021;8003003677897;"Description of Book Title 874";"horror, fantasy"
"Book Title 875";John;Doe;2021;1848592391456;"Description of Book Title 875";"horror, fantasy"
"Book Title 876";John;Doe;2021;3403193192842;"Description of Book Title 876";"horror, fantasy"
"Book Title 877";John;Doe;2021;9746656302304;"Description of Book Title 877";"horror, fantasy"
"Book Title 878";John;Doe;2021;7331517566255;"Description of Book Title 878";"horror, fantasy"
"Book Title 879";John;Doe;2021;1592105731761;"Description of Book Title 879";"horror, fantasy"
"Book Title 880";John;Doe;2021;7154972831768;"Description of Book Title 880";"horror, fantasy"
"Book Title 881";John;Doe;2021;2642087531290;"Description of Book Title 881";"horror, fantasy"
"Book Title 882";John;Doe;2021;9205691024935;"Description of Book Title 882";"horror, fantasy"
"Book Title 883";John;Doe;2021;2327626916879;"Description of Book Title 883";"horror, fantasy"
"Book Title 884";John;Doe;2021;6270839022378;"Description of Book Title 884";"horror, fantasy"
"Book Title 885";John;Doe;2021;8572033042395;"Description of Book Title 885";"horror, fantasy"
"Book Title 886";John;Doe;2021;6951669399452;"Description of Book Title 886";"horror, fantasy"
"Book Title 887";John;Doe;2021;8118426237324;"Description of Book Title 887";"horror, fantasy"
"Book Title 888";John;Doe;2021;9445591681154;"Description of Book Title 888";"horror, fantasy"
"Book Title 889";John;Doe;2021;6132655378313;"Description of Book Title 889";"horror, fantasy"
"Book Title 890";John;Doe;2021;6072095243337;"Description of Book Title 890";"horror, fantasy"
"Book Title 891";John;Doe;2021;8403880148257;"Description of Book Title 891";"horror, fantasy"
"Book Title 892";John;Doe;2021;2946864548296;"Description of Book Title 892";"horror, fantasy"
"Book Title 893";John;Doe;2021;5824931360935;"Description of Book Title 893";"horror, fantasy"
"Book Title 894";John;Doe;2021;3671341288839;"Description of Book Title 894";"horror, fantasy"
"Book Title 895";John;Doe;2021;6446631865283;"Description of Book Title 895";"horror, fantasy"
"Book Title 896";John;Doe;2021;1571880613955;"Description of Book Title 896";"horror, fantasy"
"Book Title 897";John;Doe;2021;4045377544792;"Description of Book Title 897";"horror, fantasy"
"Book Title 898";John;Doe;2021;4719425230655;"Description of Book Title 898";"horror, fantasy"
"Book Title 899";John;Doe;2021;2160033840043;"Description of Book Title 899";"horror, fantasy"
"Book Title 900";John;Doe;2021;1496710078046;"Description of Book Title 900";"horror, fantasy"
"Book Title 901";John;Doe;2021;2615037347266;"Description of Book Title 901";"horror, fantasy"
"Book Title 902";John;Doe;2021;7580142097140;"Description of Book Title 902";"horror, fantasy"
"Book Title 903";John;Doe;2021;9612026207464;"Description of Book Title 903";"horror, fantasy"
"Book Title 904";John;Doe;2021;6054281704545;"Description of Book Title 904";"horror, fantasy"
"Book Title 905";John;Doe;2021;6003604794530;"Description of Book Title 905";"horror, fantasy"
"Book Title 906";John;Doe;2021;5913579549822;"Description of Book Title 906";"horror, fantasy"
"Book Title 907";John;Doe;2021;3882492573848;"Description of Book Title 907";"horror, fantasy"
"Book Title 908";John;Doe;2021;1623629174156;"Description of Book Title 908";"horror, fantasy"
"Book Title 909";John;Doe;2021;8728464821808;"Description of Book Title 909";"horror, fantasy"
"Book Title 910";John;Doe;2021;1426501164552;"Description of Book Title 910";"horror, fantasy"
"Book Title 911";John;Doe;2021;1035267218857;"Description of Book Title 911";"horror, fantasy"
"Book Title 912";John;Doe;2021;2683709254003;"Description of Book Title 912";"horror, fantasy"
"Book Title 913";John;Doe;2021;5549367649651;"Description of Book Title 913";"horror, fantasy"
"Book Title 914";John;Doe;2021;5812229960732;"Description of Book Title 914";"horror, fantasy"
"Book Title 915";John;Doe;2021;3260545278615;"Description of Book Title 915";"horror, fantasy"
"Book Title 916";John;Doe;2021;3570222087142;"Description of Book Title 916";"horror, fantasy"
"Book Title 917";John;Doe;2021;3020090874404;"Description of Book Title 917";"horror, fantasy"
"Book Title 918";John;Doe;2021;2228386894373;"Description of Book Title 918";"horror, fantasy"
"Book Title 919";John;Doe;2021;2343051587773;"Description of Book Title 919";"horror, fantasy"
"Book Title 920";John;Doe;2021;8740994340370;"Description of Book Title 920";"horror, fantasy"
"Book Title 921";John;Doe;2021;8435061063264;"Description of Book Title 921";"horror, fantasy"
"Book Title 922";John;Doe;2021;4687913470571;"Description of Book Title 922";"horror, fantasy"
"Book Title 923";John;Doe;2021;2771336006581;"Description of Book Title 923";"horror, fantasy"
"Book Title 924";John;Doe;2021;7308556121958;"Description of Book Title 924";"horror, fantasy"
"Book Title 925";John;Doe;2021;9597612115977;"Description of Book Title 925";"horror, fantasy"
"Book Title 926";John;Doe;2021;1505173219104;"Description of Book Title 926";"horror, fantasy"
"Book Title 927";John;Doe;2021;9082107631094;"Description of Book Title 927";"horror, fantasy"
"Book Title 928";John;Doe;2021;2975025488057;"Description of Book Title 928";"horror, fantasy"
"Book Title 929";John;Doe;2021;5201951814093;"Description of Book Title 929";"horror, fantasy"
"Book Title 930";John;Doe;2021;5462195792667;"Description of Book Title 930";"horror, fantasy"
"Book Title 931";John;Doe;2021;2979841964749;"Description of Book Title 931";"horror, fantasy"
"Book Title 932";John;Doe;2021;3155076482795;"Description of Book Title 932";"horror, fantasy"
"Book Title 933";John;Doe;2021;6655633448284;"Description of Book Title 933";"horror, fantasy"
"Book Title 934";John;Doe;2021;7472358193469;"Description of Book Title 934";"horror, fantasy"
"Book Title 935";John;Doe;2021;6045193421984;"Description of Book Title 935";"horror, fantasy"
"Book Title 936";John;Doe;2021;5729928648200;"Description of Book Title 936";"horror, fantasy"
"Book Title 937";John;Doe;2021;1846453875284;"Description of Book Title 937";"horror, fantasy"
"Book Title 938";John;Doe;2021;7388660896699;"Description of Book Title 938";"horror, fantasy"
"Book Title 939";John;Doe;2021;4150907667984;"Description of Book Title 939";"horror, fantasy"
"Book Title 940";John;Doe;2021;7517959817082;"Description of Book Title 940";"horror, fantasy"
"Book Title 941";John;Doe;2021;8682791342413;"Description of Book Title 941";"horror, fantasy"
"Book Title 942";John;Doe;2021;6116559888462;"Description of Book Title 942";"horror, fantasy"
"Book Title 943";John;Doe;2021;1750430591390;"Description of Book Title 943";"horror, fantasy"
"Book Title 944";John;Doe;2021;9458369918422;"Description of Book Title 944";"horror, fantasy"
"Book Title 945";John;Doe;2021;8275317144081;"Description of Book Title 945";"horror, fantasy"
"Book Title 946";John;Doe;2021;8228789094540;"Description of Book Title 946";"horror, fantasy"
"Book Title 947";John;Doe;2021;1594649034702;"Description of Book Title 947";"horror, fantasy"
"Book Title 948";John;Doe;2021;6552840522567;"Description of Book Title 948";"horror, fantasy"
"Book Title 949";John;Doe;2021;4409645035266;"Description of Book Title 949";"horror, fantasy"
"Book Title 950";John;Doe;2021;2878191125310;"Description of Book Title 950";"horror, fantasy"
"Book Title 951";John;Doe;2021;4656267866421;"Description of Book Title 951";"horror, fantasy"
"Book Title 952";John;Doe;2021;2194474248432;"Description of Book Title 952";"horror, fantasy"
"Book Title 953";John;Doe;2021;4707851064824;"Description of Book Title 953";"horror, fantasy"
"Book Title 954";John;Doe;2021;1867609844545;"Description of Book Title 954";"horror, fantasy"
"Book Title 955";John;Doe;2021;3586272182922;"Description of Book Title 955";"horror, fantasy"
"Book Title 956";John;Doe;2021;7598084809226;"Description of Book Title 956";"horror, fantasy"
"Book Title 957";John;Doe;2021;9682476955590;"Description of Book Title 957";"horror, fantasy"
"Book Title 958";John;Doe;2021;2935897665676;"Description of Book Title 958";"horror, fantasy"
"Book Title 959";John;Doe;2021;5318760040963;"Description of Book Title 959";"horror, fantasy"
"Book Title 960";John;Doe;2021;1980004397083;"Description of Book Title 960";"horror, fantasy"
"Book Title 961";John;Doe;2021;3282131735245;"Description of Book Title 961";"horror, fantasy"
"Book Title 962";John;Doe;2021;2176533558893;"Description of Book Title 962";"horror, fantasy"
"Book Title 963";John;Doe;2021;7868260889832;"Description of Book Title 963";"horror, fantasy"
"Book Title 964";John;Doe;2021;5858974500664;"Description of Book Title 964";"horror, fantasy"
"Book Title 965";John;Doe;2021;7367095272034;"Description of Book Title 965";"horror, fantasy"
"Book Title 966";John;Doe;2021;8841988723531;"Description of Book Title 966";"horror, fantasy"
"Book Title 967";John;Doe;2021;5029465113599;"Description of Book Title 967";"horror, fantasy"
"Book Title 968";John;Doe;2021;2054415175311;"Description of Book Title 968";"horror, fantasy"
"Book Title 969";John;Doe;2021;5943339768855;"Description of Book Title 969";"horror, fantasy"
"Book Title 970";John;Doe;2021;5164291272535;"Description of Book Title 970";"horror, fantasy"
"Book Title 971";John;Doe;2021;8187400248135;"Description of Book Title 971";"horror, fantasy"
"Book Title 972";John;Doe;2021;5465382888417;"Description of Book Title 972";"horror, fantasy"
"Book Title 973";John;Doe;2021;6710371712236;"Description of Book Title 973";"horror, fantasy"
"Book Title 974";John;Doe;2021;8965548358026;"Description of Book Title 974";"horror, fantasy"
"Book Title 975";John;Doe;2021;2962905140552;"Description of Book Title 975";"horror, fantasy"
"Book Title 976";John;Doe;2021;1828409009883;"Description of Book Title 976";"horror, fantasy"
"Book Title 977";John;Doe;2021;4956752545981;"Description of Book Title 977";"horror, fantasy"
"Book Title 978";John;Doe;2021;8735522921219;"Description of Book Title 978";"horror, fantasy"
"Book Title 979";John;Doe;2021;6955713838335;"Description of Book Title 979";"horror, fantasy"
"Book Title 980";John;Doe;2021;3313638033312;"Description of Book Title 980";"horror, fantasy"
"Book Title 981";John;Doe;2021;6772779448183;"Description of Book Title 981";"horror, fantasy"
"Book Title 982";John;Doe;2021;6318282472795;"Description of Book Title 982";"horror, fantasy"
"Book Title 983";John;Doe;2021;8311571659245;"Description of Book Title 983";"horror, fantasy"
"Book Title 984";John;Doe;2021;5961389007775;"Description of Book Title 984";"horror, fantasy"
"Book Title 985";John;Doe;2021;2417407951358;"Description of Book Title 985";"horror, fantasy"
"Book Title 986";John;Doe;2021;9245947799060;"Description of Book Title 986";"horror, fantasy"
"Book Title 987";John;Doe;2021;2408910537202;"Description of Book Title 987";"horror, fantasy"
"Book Title 988";John;Doe;2021;2480465803489;"Description of Book Title 988";"horror, fantasy"
"Book Title 989";John;Doe;2021;9966496282989;"Description of Book Title 989";"horror, fantasy"
"Book Title 990";John;Doe;2021;3059242734065;"Description of Book Title 990";"horror, fantasy"
"Book Title 991";John;Doe;2021;5370234776959;"Description of Book Title 991";"horror, fantasy"
"Book Title 992";John;Doe;2021;5981846717287;"Description of Book Title 992";"horror, fantasy"
"Book Title 993";John;Doe;2021;8251486538259;"Description of Book Title 993";"horror, fantasy"
"Book Title 994";John;Doe;2021;9590700490760;"Description of Book Title 994";"horror, fantasy"
"Book Title 995";John;Doe;2021;6516407766115;"Description of Book Title 995";"horror, fantasy"
"Book Title 996";John;Doe;2021;4600410969291;"Description of Book Title 996";"horror, fantasy"
"Book Title 997";John;Doe;2021;4679823137411;"Description of Book Title 997";"horror, fantasy"
"Book Title 998";John;Doe;2021;5478171356997;"Description of Book Title 998";"horror, fantasy"
"Book Title 999";John;Doe;2021;8085828113685;"Description of Book Title 999";"horror, fantasy"